gov_id,gov_title_zh,gov_title_en,region,rating,official_release_date,publisher,film_length,director,actor_list,source_file,imdb_id,imdb_rating
13460,仲夏魘,MIDSOMMAR,美國,限制級,2019/7/12,車庫娛樂股份有限公司,146,,,13460_仲夏魘.csv,tt8772262,7.1
17126,幻愛,Beyond the Dream,香港,輔12級,2020/10/15,光年映畫有限公司,118,周冠威,蔡思韵; 劉俊謙; 潘燦良; 鮑起靜; 張滿源; 黃嵐; 魏綺珊; 駱振偉; 蘇皓兒,17126_幻愛.csv,tt11810546,7.1
21389,們,MEN,英國,限制級,2022/5/31,車庫娛樂股份有限公司,100,九把刀,柯震東; 陳妍希; 敖犬; 胡家瑋; 郝劭文; 蔡昌憲; 鄢勝宇; 柯義浤; 王彩樺; 李維維; 邱彥翔; 李鳳新; 段正平; 高麗紅[TW]; 蔡武雄; 許麗娜; 劉雨辰; 陳永晉; 嚴藝文; 賴炳輝; 陳繼平,21389_們.csv,tt13841850,6
21930,天黑請斃命,BODIES BODIES BODIES,美國,輔15級,2022/8/19,美商台灣索尼影業發行股份有限公司台灣分公司,94,哈琳娜瑞金,雅蔓德拉史坦柏; 瑪麗亞巴卡洛娃; 瑞秋森諾特; 雀絲蘇萬德斯; 彼得戴維森; 麥哈拉哈羅德; 李培斯; Conner O'Malley; Semih Senturk,21930_天黑請斃命.csv,tt8110652,6.2
22894,一一 25周年4K數位修復版,YIYI-A ONE AND A TWO,中華民國,保護級,2025/9/19,傳影互動股份有限公司,173,,,22894_一一 25周年4K數位修復版.csv,N/A,N/A
22894,一一,YIYI-A ONE AND A TWO,中華民國,保護級,2025/10/1,傳影互動股份有限公司,173,,,22894_一一.csv,N/A,N/A
23322,阿凡達：水之道,AVATAR: THE WAY OF WATER,美國,保護級,2022/12/14,博偉電影股份有限公司,192,詹姆斯卡麥隆,山姆沃辛頓; 柔伊莎達娜; 楊紫瓊; 凱特溫絲蕾; 雪歌妮薇佛; 傑梅奈克萊門特; 奧娜卓別林; 喬凡尼瑞比希; 史帝芬朗; 愛迪法珂; 克里夫柯提斯; 克蘿伊科爾曼; CCH龐德 CCH Pounder; 喬大衛摩爾; 貝里巴斯; 傑米弗拉特斯; 傑克查恩,23322_阿凡達：水之道.csv,tt1630029,7.5
23548,日麗,Aftersun,英國,保護級,2023/1/25,東昊影業有限公司,101,Charlotte Wells,保羅梅茲卡爾; Frankie Corio; Celia Rowlson-Hall; Kayleigh Coleman; Sally Messham; Harry Perdios; Ethan Smith; Ruby Thompson; Brooklyn Toulson,23548_日麗.csv,tt19770238,7.6
23614,我的鯨魚老爸,THE WHALE,美國,保護級,2023/2/2,車庫娛樂股份有限公司,116,戴倫亞洛諾夫斯基,布蘭登費雪; 莎蒂辛克; 周洪; 泰辛普金斯; 珊曼莎摩頓; Sathya Sridharan; Jacey Sink,23614_我的鯨魚老爸.csv,tt13833688,7.6
24046,寶可噩夢,Beau Is Afraid,美國,限制級,2023/4/21,薩摩亞商雄讚股份有限公司台灣分公司,179,亞瑞阿斯特,瓦昆菲尼克斯; 帕可兒波茜; 奈森連恩; 哈莉絲奎爾斯; 艾美萊恩; Richard Kind; 柔伊利斯特瓊斯; Michael Gandolfini; Patti LuPone; Kylie Rogers; 丹尼斯曼努奇; 阿爾緬納哈普蒂安; 史蒂芬亨德森; Julia Antonelli; Theodore Pellerin,24046_寶可噩夢.csv,tt13521006,6.6
24086,Fishmans,The Fishmans Movie,日本,普遍級,2023/4/21,造次文化有限公司,172,,,24086_Fishmans.csv,tt14141970,8.1
25044,之前的我們,PAST LIVES,美國,普遍級,2023/7/28,車庫娛樂股份有限公司,105,席琳宋,劉台午; 約翰馬加羅; 葛麗塔李,25044_之前的我們.csv,tt13238346,7.8
25045,鬼手鬼手 請開口,Talk to Me,英國,輔15級,2023/8/11,薩摩亞商雄讚股份有限公司台灣分公司,94,麥可菲利浦; 丹尼菲利普,蘇菲魏爾德; 柔伊泰拉克斯; 喬伯德; 克里斯阿洛西奧,25045_鬼手鬼手 請開口.csv,tt10638522,7.1
26305,夢行者保羅,DREAM SCENARIO,美國,輔12級,2023/12/4,車庫娛樂股份有限公司,101,克里斯多佛博格利,麥可塞拉; 狄倫貝克; 尼可拉斯凱吉; 茱莉安娜妮克遜,26305_夢行者保羅.csv,tt21942866,6.8
26439,鬼才之道,Dead Talents Society,中華民國,輔12級,2024/8/7,牽猴子股份有限公司,110,徐漢強,百白; 陳柏霖; 張榕容; 王淨; 曾威豪; 姚以緹,26439_鬼才之道.csv,tt17079606,7
26514,紅豬,Porco Rosso,日本,普遍級,2024/1/1,香港商甲上娛樂有限公司台灣分公司,93,宮崎駿,岡村明美; 上條恆彥; 桂三枝; 森山周一郎; 加藤登紀子,26514_紅豬.csv,tt0104652,7.7
26625,貓王與我,PRISCILLA,美國,保護級,2024/1/26,車庫娛樂股份有限公司,112,蘇菲亞柯波拉,卡莉史派妮; 雅各艾洛迪,26625_貓王與我.csv,tt22041854,6.5
26779,夢想集中營,THE ZONE OF INTEREST,英國,保護級,2024/2/23,車庫娛樂股份有限公司,104,強納森葛雷瑟,桑德拉惠勒; 克里斯欽佛里德,26779_夢想集中營.csv,tt7160372,7.3
27106,河鰻,EEL,中華民國,輔15級,2025/10/3,底噪影像有限公司,102,朱駿騰,柯泯薰; 潘綱大,27106_河鰻.csv,tt2546132,6.8
27343,帝國浩劫：美國內戰,CIVIL WAR,美國,輔15級,2024/4/29,車庫娛樂股份有限公司,108,艾力克斯嘉蘭,華格納莫拉; 卡莉史派妮; 尼克奧佛曼; 克絲汀鄧斯特; 史蒂芬亨德森,27343_帝國浩劫：美國內戰.csv,tt17279496,7
27899,96分鐘,96 MINUTES,中華民國,輔12級,2025/9/5,華影國際影藝有限公司,118,洪子烜,林柏宏; 王柏傑; 宋芸樺; 李李仁,27899_96分鐘.csv,tt1641385,5.7
29081,粗獷派建築師,THE BRUTALIST,美國,輔12級,2025/2/27,美商美國環球影片股份有限公司台灣分公司,214,布拉迪科貝特,費莉絲蒂瓊斯; 喬歐文; 史黛西馬汀; 亞歷桑德羅尼沃拉; 安卓亞布洛迪; 拉菲卡西迪; 蓋皮爾斯,29081_粗獷派建築師.csv,tt8999762,7.3
29111,台灣超人,Taiwan Unsung Hero,中華民國,普遍級,2024/12/6,牽猴子股份有限公司,101,曲全立,,29111_台灣超人.csv,N/A,N/A
29378,我家的事,Family Matters,中華民國,保護級,2025/9/12,酷映有影工作室有限公司,98,潘客印,曾敬驊; 高伊玲; 藍葦華; 黃珮琪,29378_我家的事.csv,tt0109611,5.4
29380,失明,Blind Love,中華民國,輔15級,2025/9/19,周子娛樂有限公司,142,周美豫,王渝萱; 李銘忠; 吳可熙; 林依晨; 劉敬; 李沐,29380_失明.csv,tt1294728,5.4
29513,異教詭屋,HERETIC,美國,輔15級,2024/11/29,車庫娛樂股份有限公司,111,布萊恩伍茲; 史考特貝克,休葛蘭; 蘇菲柴契爾; 克洛伊伊絲特,29513_異教詭屋.csv,tt28015403,7
29611,交換禮物,DEAR  BLACK SHEEP,中華民國,普遍級,2024/12/25,台北双喜電影發行股份有限公司,113,林明謙,曾寶儀,29611_交換禮物.csv,N/A,N/A
29653,劇場版「進擊的巨人」完結篇THE LAST ATTACK,Attack on Titan: THE LAST ATTACK,日本,輔12級,2025/1/3,木棉花國際股份有限公司,144,,,29653_劇場版「進擊的巨人」完結篇THE LAST ATTACK.csv,tt33175825,9.2
29831,乖女孩,BABY GIRL,美國,限制級,2025/1/17,車庫娛樂股份有限公司,114,哈琳娜瑞金,蘇菲魏爾德; 安東尼奧班德拉斯; 哈里斯迪金森; 妮可基嫚,29831_乖女孩.csv,tt6450428,2.9
29882,進行曲,Marching Boys,中華民國,普遍級,2025/8/29,華映國際文創股份有限公司,117,姜瑞智,余杰恩; 劉育仁; 黃迪揚; 馬志翔; 李李仁; 牧森,29882_進行曲.csv,tt37093338,7.6
30021,辛辛監獄劇團,Sing Sing,美國,保護級,2025/2/21,薩摩亞商雄讚股份有限公司台灣分公司,106,格雷格克韋達,克拉倫斯麥克林; 科爾曼多明哥; 西恩聖荷西,30021_辛辛監獄劇團.csv,tt28479262,7.6
30062,鬼吹簫,THE PIPER,美國,輔12級,2025/10/9,車庫娛樂股份有限公司,95,埃林格爾托羅森,朱利安山德斯; 夏綠蒂霍普,30062_鬼吹簫.csv,tt4718500,6.4
30091,大濛,A Foggy Tale,中華民國,保護級,2025/10/8,華文創股份有限公司,133,,,30091_大濛.csv,tt32080855,N/A
30155,QUEER,QUEER,美國,限制級,2025/3/21,采昌國際多媒體股份有限公司,136,盧卡格達戈尼諾,德魯史塔基; 丹尼爾克雷格; 蕾絲莉蔓薇爾,30155_QUEER.csv,tt24176060,6.4
30366,取精急轉彎,Spermageddon,挪威,輔15級,2025/4/25,原創娛樂股份有限公司,79,雷斯穆斯a席維特森; 湯姆維爾科拉,克里斯蒂安弗雷德里克米克爾森; 雅斯肯尼; 娜絲琳庫斯拉維,30366_取精急轉彎.csv,tt14828040,5.4
30436,泣聲驚魂,The Wailing,西班牙,輔15級,2025/5/9,原創娛樂股份有限公司,107,佩德羅馬丁卡萊羅,瑪萊娜比利亞; 伊絲特伊克斯波席多; 瑪蒂爾德奧利維,30436_泣聲驚魂.csv,tt5215952,7.4
30497,沈睡的水下巨人,SHIPWRECKS TAIWAN,中華民國,普遍級,2025/4/25,牽猴子股份有限公司,93,李景白; 李景白; 李景白,,30497_沈睡的水下巨人.csv,N/A,N/A
30530,守護我們的星球,Guardians of our planet,中華民國,普遍級,2025/5/23,牽猴子股份有限公司,111,舒夢蘭,,30530_守護我們的星球.csv,tt14539726,7.7
30560,長椅小情歌,AT THE BENCH,日本,普遍級,2025/7/18,光年映畫有限公司,86,奧山由之,廣瀨鈴; 草彅剛; 吉岡里帆; 仲野太賀; 神木隆之介,30560_長椅小情歌.csv,tt33477504,7.2
30636,怪譚搜索,BLOAT,美國,輔12級,2025/6/6,原創娛樂股份有限公司,86,帕普蘿艾森圖,班傑明麥肯錫; 索耶瓊斯; 寶珍娜諾娃柯維克; 小杉健,30636_怪譚搜索.csv,tt23131648,3.7
30655,ATEEZ WORLD TOUR [TOWARDS THE LIGHT：WILL TO POWER] IN CINEMAS,ATEEZ WORLD TOUR [TOWARDS THE LIGHT：WILL TO POWER] IN CINEMAS,韓國,普遍級,2025/5/9,采昌國際多媒體股份有限公司,125,,,30655_ATEEZ WORLD TOUR [TOWARDS THE LIGHT：WILL TO POWER] IN CINEMAS.csv,tt35571591,9
30676,我們意外的勇氣,Unexpected Courage,中華民國,普遍級,2025/10/2,華文創股份有限公司,110,,,30676_我們意外的勇氣.csv,N/A,N/A
30699,此刻的我們,We Live In Time,美國,輔12級,2025/5/16,英屬蓋曼群島商威望國際娛樂股份有限公司台灣分公司,107,約翰克勞利,安德魯加菲爾德; 佛蘿倫絲普伊,30699_此刻的我們.csv,tt27131358,7
30704,造山者－世紀的賭注,A Chip Odyssey,中華民國,普遍級,2025/6/13,視納華仁文化傳播股份有限公司,105,蕭菊貞,,30704_造山者－世紀的賭注.csv,tt37150285,7.7
30717,馴龍高手,HOW TO TRAIN YOUR DRAGON,美國,普遍級,2025/6/7,美商美國環球影片股份有限公司台灣分公司,125,迪恩戴布洛伊,梅森塔姆斯; 妮可帕克; 傑瑞德巴特勒,30717_馴龍高手.csv,tt0892769,8.1
30738,星際寶貝：史迪奇,Lilo & Stitch,美國,保護級,2025/5/22,台灣華特迪士尼股份有限公司,107,狄恩弗萊捨坎普,比利馬格努森; 查克葛里芬納奇; 瑪雅基羅哈; 克里斯桑德斯; 席妮奧古東,30738_星際寶貝：史迪奇.csv,tt0275847,7.4
30739,不可能的任務：最終清算,MISSION: IMPOSSIBLE -THE FINAL RECKONING,美國,輔12級,2025/5/17,美商美國派拉蒙影片股份有限公司台灣分公司,169,克里斯多弗麥奎里,龐克萊門捷夫; 海莉艾特沃; 湯姆克魯斯; 賽門佩格,30739_不可能的任務：最終清算.csv,tt9603208,7.2
30808,滿血復活,BRING HER BACK,美國,限制級,2025/5/27,美商台灣索尼影業發行股份有限公司台灣分公司,104,麥可菲利浦; 丹尼菲利普,莎莉霍金斯,30808_滿血復活.csv,tt32246771,7.2
30809,名偵探柯南 獨眼的殘像,Detective Conan The Movie: One-Eyed Flashback,日本,保護級,2025/6/25,普威爾國際股份有限公司,109,,,30809_名偵探柯南 獨眼的殘像.csv,tt35444710,6.8
30863,我家妹妹不准嫁,Will You Marry Monk?,泰國,輔12級,2025/6/6,仲業股份有限公司,90,沃拉武塔溫威西瓦特; 翁加特切姆查倫波恩庫爾; 維拉瓦查約柴孔,鄭壹飛; 可恩娜帕瑟塔拉達那彭; 亞瑞克阿莫蘇帕西瑞,30863_我家妹妹不准嫁.csv,tt35449514,7.1
30864,世界就是這樣結束的,The End,英國,輔12級,2025/10/9,東昊影業有限公司,148,約書亞奧本海默,蒂妲絲雲頓; 喬治麥凱; tim mcinnerny; 麥可夏儂,30864_世界就是這樣結束的.csv,tt0077504,6.1
30960,28年毀滅倒數,28 YEARS LATER,美國,限制級,2025/6/17,美商台灣索尼影業發行股份有限公司台灣分公司,114,丹尼鮑伊,阿爾菲威廉斯; 雷夫范恩斯; 亞倫泰勒強森; 茱蒂康默,30960_28年毀滅倒數.csv,tt10548174,6.6
31027,F1電影,F1,美國,保護級,2025/6/24,美商華納兄弟（遠東）股份有限公司台灣分公司,155,喬瑟夫柯辛斯基,凱莉肯頓; 哈維爾巴登; 達姆森伊卓瑞斯; 布萊德彼特,31027_F1電影.csv,tt16311594,7.7
31037,暗影部隊,SHADOW FORCE,美國,輔12級,2025/10/3,車庫娛樂股份有限公司,103,喬卡納漢,馬克史壯; 歐馬希; 凱莉華盛頓,31037_暗影部隊.csv,tt11092020,4.7
31082,地球特派員,ELIO,美國,普遍級,2025/7/2,台灣華特迪士尼股份有限公司,97,石之予; 瑪德琳夏拉菲安; 阿德里安莫里納,雪莉韓德森; 柔伊莎達娜; 瑞蜜艾格莉; 賈米拉賈米爾; 布萊德嘉瑞特; 尤納斯基布里布,31082_地球特派員.csv,tt4900148,6.7
31123,侏羅紀世界：重生,JURASSIC WORLD REBIRTH,美國,保護級,2025/7/1,美商美國環球影片股份有限公司台灣分公司,133,蓋瑞斯愛德華,喬納森拜利; 馬奴賈西亞魯爾福; 魯柏佛蘭德; 馬赫夏拉阿里; 史嘉蕾喬韓森,31123_侏羅紀世界：重生.csv,tt31036941,5.9
31128,窒友梅根 2.0,M3GAN 2.0,美國,輔15級,2025/6/27,美商美國環球影片股份有限公司台灣分公司,119,傑拉德約翰史東,愛莉森威廉絲; 艾蜜唐納德; 伊凡娜莎克諾; 珍娜戴維斯; 任范愛普斯; 維奧萊麥克羅,31128_窒友梅根 2.0.csv,tt26342662,6.1
31158,黑白線人,Yadang: The Snitch,韓國,限制級,2025/9/5,可樂藝術文創股份有限公司,122,黃炳國,姜河那; 朴海俊; 柳海真,31158_黑白線人.csv,tt35851026,6.6
31159,皇家保姆亞瑟,OUT OF THE NEST,泰國,普遍級,2025/10/3,可樂藝術文創股份有限公司,85,阿圖羅a赫南德茲; 安德魯戈登; 維拉帕特拉吉​​納納溫; 傑夫舒,,31159_皇家保姆亞瑟.csv,tt31520900,6.5
31186,超人,SUPERMAN,美國,保護級,2025/7/8,美商華納兄弟（遠東）股份有限公司台灣分公司,129,詹姆斯岡恩,瑪麗亞加布里埃拉法里亞; 大衛科倫斯韋; 艾迪蓋瑟吉; 尼可拉斯霍特; 伊莎貝拉莫娜; 瑞秋布羅斯納漢,31186_超人.csv,tt5950044,7.1
31190,電影哆啦A夢：大雄的繪畫世界物語,DORAEMON THE MOVIE: NOBITA'S ART WORLD TALES,日本,普遍級,2025/7/18,車庫娛樂股份有限公司,104,,,31190_電影哆啦A夢：大雄的繪畫世界物語.csv,tt0076759,8.6
31191,病毒,VIRUS,韓國,保護級,2025/9/19,車庫娛樂股份有限公司,98,姜利官,金倫奭; 裴斗娜; 孫錫求,31191_病毒.csv,tt0120458,5.1
31201,壞蛋聯盟 2,THE BAD GUYS 2,美國,保護級,2025/7/26,美商美國環球影片股份有限公司台灣分公司,103,皮埃爾佩里費爾,馬克馬隆; 安東尼拉莫斯; 山姆洛克威爾; 克雷格羅賓森; 奧卡菲娜,31201_壞蛋聯盟 2.csv,tt30017619,7.1
31222,與達賴喇嘛談心：尋找幸福的智慧,Wisdom of Happiness,瑞士,保護級,2025/7/20,海鵬影業有限公司,90,,,31222_與達賴喇嘛談心：尋找幸福的智慧.csv,tt33055004,7
31251,藍色小精靈大電影,SMURFS,美國,普遍級,2025/7/18,美商美國派拉蒙影片股份有限公司台灣分公司,91,馬特蘭登; 克里斯米勒,約翰古德曼; 娜塔莎諾伊尼; 寇特羅素; 詹姆斯柯登; 蕾哈娜; 漢娜沃丁厄姆,31251_藍色小精靈大電影.csv,tt18069420,4.3
31301,我在荒野做了一場夢,Seven Ages of a Man,中華民國,普遍級,2025/8/22,牽猴子股份有限公司,103,沈可尚,徐仁修; 徐仁修,31301_我在荒野做了一場夢.csv,tt38284699,4.3
31305,世紀編舞大師,Cranko (John Cranko),德國,輔12級,2025/9/5,聯影企業股份有限公司,139,約阿希姆朗; 約阿希姆朗,山姆萊利,31305_世紀編舞大師.csv,tt33294838,6.9
31329,全知讀者視角,Omniscient Reader,韓國,輔12級,2025/7/21,采昌國際多媒體股份有限公司,116,金秉祐,蔡秀彬; 林珍娜; 安孝燮; 李敏鎬; 金智秀; 申承浩,31329_全知讀者視角.csv,tt30254719,5.6
31352,驚奇4超人：第一步,The Fantastic Four: First Steps,美國,保護級,2025/7/23,台灣華特迪士尼股份有限公司,114,麥特夏克曼,凡妮莎寇比; 艾邦摩斯貝克許; 喬瑟夫昆恩; 佩德羅帕斯卡,31352_驚奇4超人：第一步.csv,tt10676052,7
31355,電影蠟筆小新：超華麗！灼熱的春日部舞者們,CRAYON SHINCHAN THE MOVIE: SUPER HOT! THE SPICY KASUKABE DANCERS,日本,普遍級,2025/8/22,車庫娛樂股份有限公司,105,,,31355_電影蠟筆小新：超華麗！灼熱的春日部舞者們.csv,tt35009463,6.9
31364,凶器,WEAPONS,美國,限制級,2025/8/8,美商華納兄弟（遠東）股份有限公司台灣分公司,128,札克克瑞格,黃凱旋; 艾美麥蒂根; 朱莉亞嘉納; 喬許布洛林,31364_凶器.csv,tt26581740,7.5
31365,劇場版「鬼滅之刃」無限城篇 第一章 猗窩座再襲,Demon Slayer：Kimetsu no Yaiba Infinity Castle,日本,輔12級,2025/8/6,木棉花國際股份有限公司,154,,,31365_劇場版「鬼滅之刃」無限城篇 第一章 猗窩座再襲.csv,tt32820897,8.5
31402,天作之合,MATERIALISTS,美國,普遍級,2025/8/23,美商台灣索尼影業發行股份有限公司台灣分公司,116,席琳宋,克里斯伊凡; 達柯塔強生; 佩德羅帕斯卡,31402_天作之合.csv,tt30253473,6.3
31474,角頭－鬥陣欸,GATAO: Big Brothers,中華民國,限制級,2025/8/21,威視股份有限公司,123,姚宏易; 姜瑞智,高捷; 夏靖庭; 蔡振南; 太保; 龍天翔; 喜翔; 王識賢,31474_角頭－鬥陣欸.csv,tt37998920,7.2
31502,怪奇寶貝,SKETCH,美國,保護級,2025/9/5,車庫娛樂股份有限公司,92,賽斯沃利,妲西卡登; 凱隆考克斯; 比安卡貝爾; 托尼海爾; 庫勞倫斯,31502_怪奇寶貝.csv,tt26238710,6.7
31507,一兆$遊戲　劇場版,Trillion Game the Movie,日本,保護級,2025/8/15,天馬行空數位有限公司,117,,,31507_一兆$遊戲　劇場版.csv,tt0399877,5.2
31520,龍之心-靈界探訪記-,ドラゴン・ハート-霊界探訪記-,日本,輔12級,2025/8/30,台灣幸福科學出版有限公司,119,今掛勇,深見梨加; 廣瀨千夏; 淺野真澄,31520_龍之心-靈界探訪記-.csv,tt36551651,5.2
31523,樂來越愛你,La La Land,英國,普遍級,2025/9/12,英屬蓋曼群島商威望國際娛樂股份有限公司台灣分公司,127,,,31523_樂來越愛你.csv,tt3783958,8
31531,詭鄉,Eerie Hometown,中華民國,輔12級,2025/9/19,威視股份有限公司,93,馬新語,初孟軒; 雷嘉汭; 張翰 (ii); 王滿嬌,31531_詭鄉.csv,tt38355705,4.3
31541,熱烈,One and Only,中國大陸,普遍級,2025/9/26,恆星多媒體股份有限公司,123,大鵬,王一博; 黃渤,31541_熱烈.csv,tt20865078,6.8
31547,辣媽辣妹2,Freakier Friday,美國,普遍級,2025/8/18,台灣華特迪士尼股份有限公司,110,妮莎嘉娜卓,潔美李寇蒂斯; 茱利亞芭特絲; 查德麥可莫瑞; 索菲亞漢門斯; 琳賽蘿涵,31547_辣媽辣妹2.csv,tt31956415,6.5
31570,無名指,My First of May,香港,普遍級,2025/9/19,華映國際文創股份有限公司,91,孔令政,許恩怡; 郭富城; 梁詠琪; 譚耀文; 鮑起靜,31570_無名指.csv,tt35724928,6.3
31596,厲陰宅：最終聖事,The Conjuring：Last Rites,美國,輔15級,2025/9/3,美商華納兄弟（遠東）股份有限公司台灣分公司,135,麥可查維斯,薇拉法蜜嘉; 派翠克威爾森,31596_厲陰宅：最終聖事.csv,tt22898462,6.3
31650,親愛的家人,DEAR FAMILY,日本,普遍級,2025/9/5,車庫娛樂股份有限公司,116,月川翔,大泉洋; 菅野美穗; 福本莉子,31650_親愛的家人.csv,tt31735255,6.6
31651,永遠在一起,TOGETHER,美國,輔15級,2025/9/26,采昌國際多媒體股份有限公司,101,麥可山克斯,戴夫法蘭科; 愛莉森布里,31651_永遠在一起.csv,tt31184028,6.7
31654,電影版小林家的龍女僕：害怕寂寞的龍,Miss Kobayashi's Dragon Maid: A lonely dragon wants to be loved,日本,保護級,2025/9/9,采昌國際多媒體股份有限公司,104,石原立也,高橋未奈美; 長繩麻理亞; 高田憂希; 高橋未奈美; 桑原由氣; 田村睦心; 高田憂希,31654_電影版小林家的龍女僕：害怕寂寞的龍.csv,tt36592985,8.2
31662,淒厲人師,The Tutor,泰國,輔12級,2025/9/26,原創娛樂股份有限公司,107,布蘭戴德斯德,芽芽茵; 索蘭拉姆阿內拉普; 尼措空卡瓊伯利叻; 鄭子忠; 因托楚克倥拉瑪蘇皖,31662_淒厲人師.csv,tt19637278,4.8
31668,突破:三千米的泳氣,Second Life,中華民國,保護級,2025/10/3,春暉映像有限公司,123,,,31668_突破_三千米的泳氣.csv,tt1285248,4.1
31670,搖籃凡世,Pavane for an Infant,馬來西亞,輔12級,2025/9/19,海鵬影業有限公司,116,張吉安,許恩怡; 廖子妤,31670_搖籃凡世.csv,tt33096017,7.2
31679,凌晨兩點的惡魔,PRETTY CRAZY,韓國,普遍級,2025/8/29,車庫娛樂股份有限公司,112,李相槿; 李相槿,成東鎰; 潤娥; 安普賢,31679_凌晨兩點的惡魔.csv,tt35382678,6.6
31685,劇場版 咒術迴戰 懷玉・玉折,JUJUTSU KAISEN: Hidden Inventory / Premature Death – The Movie,日本,保護級,2025/9/5,薩摩亞商羚邦(亞洲)有限公司台灣分公司,110,,,31685_劇場版 咒術迴戰 懷玉・玉折.csv,tt36956670,7.9
31701,麵包超人電影版：小水滴的英雄！,ANPANMAN: Chapon's Hero！,日本,普遍級,2025/9/6,曼迪傳播股份有限公司,58,,,31701_麵包超人電影版：小水滴的英雄！.csv,tt37529019,4.3
31702,光,The light,德國,輔15級,2025/10/3,聯影企業股份有限公司,162,,,31702_光.csv,tt0388562,7
31704,陌路兄弟,Road's End in Taiwan,中華民國,保護級,2025/9/26,綺影映畫有限公司,91,瑪莉亞尼科里埃爾,納曜; 鳳小岳; 皮埃爾安托萬杜比; 林慶台,31704_陌路兄弟.csv,tt35231528,6.4
31712,劇場版 歌之☆王子殿下♪ TABOO NIGHT XXXX with Double Encore (QUARTET NIGHT version),Movie:Utano☆Princesama TABOO NIGHT XXXX with Double Encore (QUARTET NIGHT version),日本,普遍級,2025/9/5,曼迪傳播股份有限公司,70,,,31712_劇場版 歌之☆王子殿下♪ TABOO NIGHT XXXX with Double Encore (QUARTET NIGHT version).csv,tt35652414,7
31713,捏造：史上最惡殺人教師,SHAM,日本,輔12級,2025/9/19,光年映畫有限公司,129,三池崇史,龜梨和也; 大倉孝二; 綾野剛; 木村文乃; 柴崎幸,31713_捏造：史上最惡殺人教師.csv,tt34459901,7.1
31714,鋼琴之子,Wolfgang,西班牙,普遍級,2025/9/19,仲業股份有限公司,110,哈維爾魯伊斯卡德拉,喬迪卡塔蘭; 安娜卡斯提洛; 米奇艾斯帕貝; 安琪戈尼亞隆斯; 貝爾托羅梅羅,31714_鋼琴之子.csv,tt11146690,6.9
31715,致我所愛之人,Belonging,日本,普遍級,2025/9/5,中影股份有限公司,90,東香織,小泉今日子,31715_致我所愛之人.csv,tt9668594,5.7
31745,血怨,PEREWANGAN,印尼,輔15級,2025/9/26,車庫娛樂股份有限公司,109,艾文蘇亞迪,烏利特里亞尼; 珊蒂; 貝比伊芙琳; 達維娜卡拉莫伊,31745_血怨.csv,tt31434122,5.5
31746,希瑪之歌,Sima's Song,阿富汗,保護級,2025/10/13,飛望影像有限公司,97,,,31746_希瑪之歌.csv,tt11647720,7.2
31748,卡夫卡最後的愛,The Glory of Life,德國,保護級,2025/9/27,海鵬影業有限公司,98,喬治馬斯; 茱蒂斯凱夫曼,薩賓塔布瑞亞; 曼努埃爾魯比; 亨麗埃特康芙莉絲,31748_卡夫卡最後的愛.csv,tt27775137,6.6
31760,鬼巫,WITCHBOARD,美國,輔15級,2025/9/12,車庫娛樂股份有限公司,112,恰克羅素,麥蒂遜艾斯曼; 梅蘭妮簡森; 亞倫多明格斯; 傑米坎貝爾鮑爾; 查理特翰; 安東妮亞戴斯培,31760_鬼巫.csv,tt0090327,5.7
31762,約見波布,Meeting with Pol Pot,法國,輔12級,2025/9/26,海鵬影業有限公司,112,潘禮德,葛雷哥瓦柯林; 伊蓮雅各; 希里爾桂伊,31762_約見波布.csv,tt32086004,6.5
31767,醜得要命,THE UGLY,韓國,輔12級,2025/9/20,壹壹喜喜電影股份有限公司,102,延尚昊,朴正民; 權海孝,31767_醜得要命.csv,tt0120401,6
31769,大競走,THE LONG WALK,美國,輔15級,2025/9/12,車庫娛樂股份有限公司,108,法蘭西斯勞倫斯,約書亞奧吉克; 庫柏霍夫曼; 馬克漢米爾; 查理普拉瑪; 王班; 大衛榮松,31769_大競走.csv,tt10374610,7.3
31776,搗破法蘭克,Smashing Frank,香港,輔15級,2025/10/3,華映國際文創股份有限公司,88,蔡康凝,袁富華; 談善言; 楊偉倫; 岑珈其; 林家熙; 楊偲泳,31776_搗破法蘭克.csv,tt35724819,5.8
31777,奇幻導航,A BIG BOLD BEAUTIFUL JOURNEY,美國,保護級,2025/10/2,美商台灣索尼影業發行股份有限公司台灣分公司,109,名田高梧,瑪格羅比; 柯林法洛,31777_奇幻導航.csv,tt13650700,6.2
31794,劇場版『鏈鋸人 蕾潔篇』,Chainsaw Man – The Movie: Reze Arc,日本,輔15級,2025/9/19,美商台灣索尼影業發行股份有限公司台灣分公司,99,吉原達矢,戶谷菊之介; 菲魯茲藍; 坂田將吾; 楠木燈; 上田麗奈,31794_劇場版『鏈鋸人 蕾潔篇』.csv,tt30472557,8.5
31796,傲嬌公主的奇幻冒險,The Proud Princess,捷克,普遍級,2025/9/20,希望影視行銷股份有限公司,84,拉德克貝蘭; 大衛利西,安娜菲亞洛娃; 珍娜斯沃博多瓦; 阿列什普羅哈茲卡,31796_傲嬌公主的奇幻冒險.csv,tt0191383,7.6
31797,一戰再戰,One Battle After Another,美國,輔15級,2025/9/25,美商華納兄弟（遠東）股份有限公司台灣分公司,161,保羅湯瑪斯安德森,瑞吉娜霍爾; 西恩潘; 班尼西歐岱托羅; 堤亞娜泰勒; 李奧納多狄卡皮歐; 雀絲英菲尼迪,31797_一戰再戰.csv,tt30144839,8.3
31799,電影版 神奇柑仔店 錢天堂,The Supernatural Sweet Shop The Movie,日本,普遍級,2025/9/26,車庫娛樂股份有限公司,103,中田秀夫,上白石萌音; 天海祐希; 大橋和也; 伊原六花,31799_電影版 神奇柑仔店 錢天堂.csv,tt33256912,6.6
31801,鬼祭,Pabrik Gula,印尼,輔15級,2025/9/19,采昌國際多媒體股份有限公司,132,艾文蘇亞迪,貝尼迪克特斯西雷加爾; 阿里夫阿爾菲安西亞; 埃爾西亞奧雷利亞; 阿爾巴尼亞西茲,31801_鬼祭.csv,tt33349807,5.8
31805,阿蒙怎麼了？,Armand,挪威,輔12級,2025/9/19,好威映象有限公司,117,哈爾夫登烏曼通德爾,艾倫多莉彼得森; 蕾娜特萊茵斯薇; 恩卓海勒斯魏特; 西婭蘭布雷希茨沃倫; 奧伊斯坦羅格,31805_阿蒙怎麼了？.csv,tt26745321,6.2
31807,泥娃娃,Mudborn,中華民國,輔15級,2025/10/9,威視股份有限公司,110,解孟儒,郭雪芙; 蔡思韵; 張軒睿; 楊祐寧,31807_泥娃娃.csv,tt38365045,7.3
31808,夢想巨無霸,Jumbo,印尼,普遍級,2025/10/3,采昌國際多媒體股份有限公司,102,瑞安阿德里安迪,葛拉西艾拉艾比蓋兒; 尤素夫奧茲坎; 普林斯波艾提雷; 奎因薩爾曼,31808_夢想巨無霸.csv,tt27433995,8.1
31809,疾速營救,Stolen Girl,美國,輔12級,2025/9/26,英屬維京群島商高捷全球開發有限公司 台灣分公司,104,詹姆斯肯特,史考特伊斯威特; 凱特貝琴薩,31809_疾速營救.csv,tt4682810,5.3
31810,十年,TEN YEARS,香港,輔12級,2025/10/10,佳映娛樂國際股份有限公司,104,,,31810_十年.csv,tt5269560,6.8
31835,沒好婚姻,The Roses,美國,輔15級,2025/9/26,台灣華特迪士尼股份有限公司,105,傑洛奇,安迪山伯格; 愛莉森珍妮; 班尼迪克康柏拜區; 凱特麥金儂; 蘇尼塔馬尼; 奧莉薇雅柯爾曼,31835_沒好婚姻.csv,tt31973693,7
31836,8號出口,Exit 8,日本,保護級,2025/9/19,壹壹喜喜電影股份有限公司,94,川村元氣,二宮和也; 小松菜奈,31836_8號出口.csv,tt5889974,4.2
31842,蓋比的娃娃屋大電影,GABBY'S DOLLHOUSE: THE MOVIE,美國,普遍級,2025/10/3,美商美國環球影片股份有限公司台灣分公司,98,萊恩克雷戈,瑪吉洛; 茱莉葉多南費爾德; 多諾萬巴頓; 克莉絲汀薇格; 艾德華度法蘭科; 萊拉洛克哈特克雷納,31842_蓋比的娃娃屋大電影.csv,tt32214143,5.7
31863,他年她日,MEASURE IN LOVE,香港,保護級,2025/9/29,香港商甲上娛樂有限公司台灣分公司,112,龔兆平,陳澤耀; 許光漢; 袁澧林,31863_他年她日.csv,tt33830021,5.3
31900,一百公尺。,100 METERS,日本,普遍級,2025/10/3,車庫娛樂股份有限公司,106,岩井澤健治,松坂桃李; 染谷將太,31900_一百公尺。.csv,tt5089786,7.5
31904,陰陽眼見子,THE GIRL WHO SEES,日本,保護級,2025/9/30,天馬行空數位有限公司,97,中村義洋,久間田琳加; 奈葉; 原菜乃華,31904_陰陽眼見子.csv,tt33829458,6.5
31988,銀簪子,Grandma's Hairpin,中華民國,普遍級,2025/10/2,牽猴子股份有限公司,88,蕭菊貞,,31988_銀簪子.csv,tt0290936,8.1
32086,有用的鬼,A Useful Ghost,泰國,限制級,2025/10/12,傳影互動股份有限公司,130,,,32086_有用的鬼.csv,tt22530226,7.1
32087,碰碰狐和貝貝彬歡唱電影：奇幻世界大冒險(國語版),Bebefinn Sing-Along Movie: Into the Pinkfong World,韓國,普遍級,2025/10/4,香港商甲上娛樂有限公司台灣分公司,64,,,32087_碰碰狐和貝貝彬歡唱電影：奇幻世界大冒險(國語版).csv,tt37510071,8.1
32098,藤本樹17-26：PART 1,Tatsuki Fujimoto 17‐21,日本,輔12級,2025/10/13,采昌國際多媒體股份有限公司,67,,,32098_藤本樹17-26：PART 1.csv,tt38491451,8.8
32099,創：戰神,Tron: Ares,美國,保護級,2025/10/8,台灣華特迪士尼股份有限公司,118,喬奇姆羅寧,吉蓮安德森; 傑瑞德雷托; 伊凡彼得斯; 茱蒂透納史密斯; 葛麗塔李; 傑夫布里吉,32099_創：戰神.csv,tt6604188,6.7
32103,狼來了,COYOTES,美國,輔15級,2025/10/9,車庫娛樂股份有限公司,91,科林米尼漢,賈斯汀隆; 凱特柏絲沃,32103_狼來了.csv,tt0185247,6
32111,徵人啟弒,NO Other Choice,韓國,輔15級,2025/10/9,英屬維京群島商高捷全球開發有限公司 台灣分公司,138,朴贊郁,車勝元; 李星民; 朴喜洵; 孫藝真; 廉惠蘭; 李炳憲,32111_徵人啟弒.csv,tt1527793,8
32112,風林火山,Sons of the Neon Night,香港,限制級,2025/10/9,壹壹喜喜電影股份有限公司,125,麥浚龍,梁家輝; 劉青雲; 高圓圓; 古天樂; 金城武,32112_風林火山.csv,tt4968738,5.8
32114,藤本樹17-26：PART 2,Tatsuki Fujimoto 22-26,日本,輔12級,2025/10/13,采昌國際多媒體股份有限公司,75,,,32114_藤本樹17-26：PART 2.csv,tt38491451,8.8
32116,銀魂劇場版 2D 真選組動亂篇,GINTAMA ON THEATER 2D Shinsen-Gumi Doukan Arc,日本,保護級,2025/10/9,薩摩亞商羚邦(亞洲)有限公司台灣分公司,101,,,32116_銀魂劇場版 2D 真選組動亂篇.csv,tt3370702,3.5
8873,橫山家之味,STILL WALKING,日本,普遍級,2018/6/8,傳影互動股份有限公司,110,是枝裕和,阿部寬; 夏川結衣; 樹木希林; 寺島進,8873_橫山家之味.csv,tt1087578,7.9
8878,無人知曉的夏日清晨,NOBODY KNOWS,日本,輔12級,2018/6/8,傳影互動股份有限公司,140,是枝裕和,柳樂優彌; 木村飛影; 北浦愛; 清水萌萌子; 韓英惠; YOU,8878_無人知曉的夏日清晨.csv,tt0408664,8
9161,宿怨,HEREDITARY,美國,輔15級,2018/6/13,傳影互動股份有限公司,128,亞瑞阿斯特,東妮克莉蒂; 蓋布瑞拜恩; 艾力克斯沃爾夫; 米莉夏皮羅; 安道得; Mallory Bechtel; Zachary Arthur; Mark Blockovich; Jake Brown; Gabriel Monroe Eckert; John Forker; Gerry Garcia; Austin R. Grant; Rachelle Hardy; Brock McKinney,9161_宿怨.csv,tt7784604,7.3
