gov_id,gov_title_zh,gov_title_en,region,rating,official_release_date,publisher,film_length,director,actor_list,source_file
13460,仲夏魘,MIDSOMMAR,美國,限制級,2019-07-12,車庫娛樂股份有限公司,146,,,13460_仲夏魘.csv
15103,燃燒女子的畫像,Portrait of A Lady on Fire,法國,輔15級,2019-12-20,東昊影業有限公司,121,瑟琳席安瑪,諾耶米梅蘭特; 阿黛兒艾奈爾; 盧安娜巴拉米; 薇拉莉葛琳諾; Christel Baras; Armande Boulanger; Guy Delamarche; Clement Bouyssou; Michele Clement; Cecile Morel,15103_燃燒女子的畫像.csv
16739,八月三十一日，我在奧斯陸,"Oslo, August 31st",挪威,輔15級,2023-08-29,好威映象有限公司,94,,,16739_八月三十一日，我在奧斯陸.csv
17126,幻愛,Beyond the Dream,香港,輔12級,2020-10-15,光年映畫有限公司,118,周冠威,蔡思韵; 劉俊謙; 潘燦良; 鮑起靜; 張滿源; 黃嵐; 魏綺珊; 駱振偉; 蘇皓兒,17126_幻愛.csv
21389,們,MEN,英國,限制級,2022-05-31,車庫娛樂股份有限公司,100,九把刀,柯震東; 陳妍希; 敖犬; 胡家瑋; 郝劭文; 蔡昌憲; 鄢勝宇; 柯義浤; 王彩樺; 李維維; 邱彥翔; 李鳳新; 段正平; 高麗紅[TW]; 蔡武雄; 許麗娜; 劉雨辰; 陳永晉; 嚴藝文; 賴炳輝; 陳繼平,21389_們.csv
21930,天黑請斃命,BODIES BODIES BODIES,美國,輔15級,2022-08-19,美商台灣索尼影業發行股份有限公司台灣分公司,94,哈琳娜瑞金,雅蔓德拉史坦柏; 瑪麗亞巴卡洛娃; 瑞秋森諾特; 雀絲蘇萬德斯; 彼得戴維森; 麥哈拉哈羅德; 李培斯; Conner O'Malley; Semih Senturk,21930_天黑請斃命.csv
22894,一一 25周年4K數位修復版,YIYI-A ONE AND A TWO,中華民國,保護級,2025-09-19,傳影互動股份有限公司,173,,,22894_一一 25周年4K數位修復版.csv
22894,一一,YIYI-A ONE AND A TWO,中華民國,保護級,2025-10-01,傳影互動股份有限公司,173,,,22894_一一.csv
22962,即使，這份戀情今晚會從世上消失,EVEN IF THIS LOVE DISAPPEARS TONIGHT,日本,普遍級,2022-11-11,車庫娛樂股份有限公司,121,三木孝浩,道枝駿佑; 福本莉子; 古川琴音; 松本穗香; 萩原聖人; 野波麻帆; 水野美紀; 野間口徹; 前田航基; 西垣匠,22962_即使，這份戀情今晚會從世上消失.csv
23322,阿凡達：水之道,AVATAR: THE WAY OF WATER,美國,保護級,2022-12-14,博偉電影股份有限公司,192,詹姆斯卡麥隆,山姆沃辛頓; 柔伊莎達娜; 楊紫瓊; 凱特溫絲蕾; 雪歌妮薇佛; 傑梅奈克萊門特; 奧娜卓別林; 喬凡尼瑞比希; 史帝芬朗; 愛迪法珂; 克里夫柯提斯; 克蘿伊科爾曼; CCH龐德 CCH Pounder; 喬大衛摩爾; 貝里巴斯; 傑米弗拉特斯; 傑克查恩,23322_阿凡達：水之道.csv
23548,日麗,Aftersun,英國,保護級,2023-01-25,東昊影業有限公司,101,Charlotte Wells,保羅梅茲卡爾; Frankie Corio; Celia Rowlson-Hall; Kayleigh Coleman; Sally Messham; Harry Perdios; Ethan Smith; Ruby Thompson; Brooklyn Toulson,23548_日麗.csv
23614,我的鯨魚老爸,THE WHALE,美國,保護級,2023-02-02,車庫娛樂股份有限公司,116,戴倫亞洛諾夫斯基,布蘭登費雪; 莎蒂辛克; 周洪; 泰辛普金斯; 珊曼莎摩頓; Sathya Sridharan; Jacey Sink,23614_我的鯨魚老爸.csv
24046,寶可噩夢,Beau Is Afraid,美國,限制級,2023-04-21,薩摩亞商雄讚股份有限公司台灣分公司,179,亞瑞阿斯特,瓦昆菲尼克斯; 帕可兒波茜; 奈森連恩; 哈莉絲奎爾斯; 艾美萊恩; Richard Kind; 柔伊利斯特瓊斯; Michael Gandolfini; Patti LuPone; Kylie Rogers; 丹尼斯曼努奇; 阿爾緬納哈普蒂安; 史蒂芬亨德森; Julia Antonelli; Theodore Pellerin,24046_寶可噩夢.csv
24086,Fishmans,The Fishmans Movie,日本,普遍級,2023-04-21,造次文化有限公司,172,,,24086_Fishmans.csv
24118,我的幸福婚約,AS LONG AS WE BOTH SHALL LIVE,日本,保護級,2023-05-06,天馬行空數位有限公司,113,,,24118_我的幸福婚約.csv
25044,之前的我們,PAST LIVES,美國,普遍級,2023-07-28,車庫娛樂股份有限公司,105,席琳宋,劉台午; 約翰馬加羅; 葛麗塔李,25044_之前的我們.csv
25045,鬼手鬼手 請開口,Talk to Me,英國,輔15級,2023-08-11,薩摩亞商雄讚股份有限公司台灣分公司,94,麥可菲利浦; 丹尼菲利普,蘇菲魏爾德; 柔伊泰拉克斯; 喬伯德; 克里斯阿洛西奧,25045_鬼手鬼手 請開口.csv
26305,夢行者保羅,DREAM SCENARIO,美國,輔12級,2023-12-04,車庫娛樂股份有限公司,101,克里斯多佛博格利,麥可塞拉; 狄倫貝克; 尼可拉斯凱吉; 茱莉安娜妮克遜,26305_夢行者保羅.csv
26439,鬼才之道,Dead Talents Society,中華民國,輔12級,2024-08-07,牽猴子股份有限公司,110,徐漢強,百白; 陳柏霖; 張榕容; 王淨; 曾威豪; 姚以緹,26439_鬼才之道.csv
26514,紅豬,Porco Rosso,日本,普遍級,2024-01-01,香港商甲上娛樂有限公司台灣分公司,93,宮崎駿,岡村明美; 上條恆彥; 桂三枝; 森山周一郎; 加藤登紀子,26514_紅豬.csv
26625,貓王與我,PRISCILLA,美國,保護級,2024-01-26,車庫娛樂股份有限公司,112,蘇菲亞柯波拉,卡莉史派妮; 雅各艾洛迪,26625_貓王與我.csv
26779,夢想集中營,THE ZONE OF INTEREST,英國,保護級,2024-02-23,車庫娛樂股份有限公司,104,強納森葛雷瑟,桑德拉惠勒; 克里斯欽佛里德,26779_夢想集中營.csv
27103,獵人兄弟,Hunter Brothers,中華民國,普遍級,2025-03-21,小花電影有限公司,109,蘇弘恩,馬志翔; 徐詣帆; 林慶台,27103_獵人兄弟.csv
27105,搜查瑠公圳,Where the River Flows,中華民國,輔15級,2025-05-22,伯樂影業股份有限公司,109,賴俊羽,朱柏康; 張世; 梁修身; 姚淳耀; 吳卓源; 朱軒洋; 李雪,27105_搜查瑠公圳.csv
27106,河鰻,EEL,中華民國,輔15級,2025-10-03,底噪影像有限公司,102,朱駿騰,柯泯薰; 潘綱大,27106_河鰻.csv
27343,帝國浩劫：美國內戰,CIVIL WAR,美國,輔15級,2024-04-29,車庫娛樂股份有限公司,108,艾力克斯嘉蘭,華格納莫拉; 卡莉史派妮; 尼克奧佛曼; 克絲汀鄧斯特; 史蒂芬亨德森,27343_帝國浩劫：美國內戰.csv
27386,人造天空,White Plastic Sky,匈牙利,輔12級,2025-08-29,前景娛樂有限公司,112,,,27386_人造天空.csv
27633,國有器官,State Organs,加拿大,保護級,2024-08-30,台灣新世紀影視股份有限公司,72,章勇進,,27633_國有器官.csv
27899,96分鐘,96 MINUTES,中華民國,輔12級,2025-09-05,華影國際影藝有限公司,118,洪子烜,林柏宏; 王柏傑; 宋芸樺; 李李仁,27899_96分鐘.csv
28611,傷痕-老兵的故事,Wounds: Veteran's Stories,中華民國,普遍級,2024-12-06,全國眷村文化保存聯盟,69,,,28611_傷痕-老兵的故事.csv
29081,粗獷派建築師,THE BRUTALIST,美國,輔12級,2025-02-27,美商美國環球影片股份有限公司台灣分公司,214,布拉迪科貝特,費莉絲蒂瓊斯; 喬歐文; 史黛西馬汀; 亞歷桑德羅尼沃拉; 安卓亞布洛迪; 拉菲卡西迪; 蓋皮爾斯,29081_粗獷派建築師.csv
29111,台灣超人,Taiwan Unsung Hero,中華民國,普遍級,2024-12-06,牽猴子股份有限公司,101,曲全立,,29111_台灣超人.csv
29246,燈塔水母的秘密,Mr.eternal jellyfish,中華民國,保護級,2025-03-28,群和國際文化事業有限公司,87,林樹橋,,29246_燈塔水母的秘密.csv
29378,我家的事,Family Matters,中華民國,保護級,2025-09-12,酷映有影工作室有限公司,98,潘客印,曾敬驊; 高伊玲; 藍葦華; 黃珮琪,29378_我家的事.csv
29380,失明,Blind Love,中華民國,輔15級,2025-09-19,周子娛樂有限公司,142,周美豫,王渝萱; 李銘忠; 吳可熙; 林依晨; 劉敬; 李沐,29380_失明.csv
29513,異教詭屋,HERETIC,美國,輔15級,2024-11-29,車庫娛樂股份有限公司,111,布萊恩伍茲; 史考特貝克,休葛蘭; 蘇菲柴契爾; 克洛伊伊絲特,29513_異教詭屋.csv
29611,交換禮物,DEAR  BLACK SHEEP,中華民國,普遍級,2024-12-25,台北双喜電影發行股份有限公司,113,林明謙,曾寶儀,29611_交換禮物.csv
29653,劇場版「進擊的巨人」完結篇THE LAST ATTACK,Attack on Titan: THE LAST ATTACK,日本,輔12級,2025-01-03,木棉花國際股份有限公司,144,,,29653_劇場版「進擊的巨人」完結篇THE LAST ATTACK.csv
29831,乖女孩,BABY GIRL,美國,限制級,2025-01-17,車庫娛樂股份有限公司,114,哈琳娜瑞金,蘇菲魏爾德; 安東尼奧班德拉斯; 哈里斯迪金森; 妮可基嫚,29831_乖女孩.csv
29882,進行曲,Marching Boys,中華民國,普遍級,2025-08-29,華映國際文創股份有限公司,117,姜瑞智,余杰恩; 劉育仁; 黃迪揚; 馬志翔; 李李仁; 牧森,29882_進行曲.csv
30008,看不見的國家,Invisible Nation,中華民國,輔12級,2025-06-13,燕翼企業有限公司,82,葛靜文,林昶佐; 蔡英文; 南西裴洛西,30008_看不見的國家.csv
30021,辛辛監獄劇團,Sing Sing,美國,保護級,2025-02-21,薩摩亞商雄讚股份有限公司台灣分公司,106,格雷格克韋達,克拉倫斯麥克林; 科爾曼多明哥; 西恩聖荷西,30021_辛辛監獄劇團.csv
30039,"劇場版 YOASOBI 5th ANNIVERSARY DOME LIVE 2024 ""超現實""","YOASOBI 5th ANNIVERSARY DOME LIVE 2024 ""SURREALISM""",日本,普遍級,2025-02-21,薩摩亞商羚邦(亞洲)有限公司台灣分公司,157,,,30039_劇場版 YOASOBI 5th ANNIVERSARY DOME LIVE 2024 _超現實_.csv
30062,鬼吹簫,THE PIPER,美國,輔12級,2025-10-09,車庫娛樂股份有限公司,95,埃林格爾托羅森,朱利安山德斯; 夏綠蒂霍普,30062_鬼吹簫.csv
30091,大濛,A Foggy Tale,中華民國,保護級,2025-10-08,華文創股份有限公司,133,,,30091_大濛.csv
30155,QUEER,QUEER,美國,限制級,2025-03-21,采昌國際多媒體股份有限公司,136,盧卡格達戈尼諾,德魯史塔基; 丹尼爾克雷格; 蕾絲莉蔓薇爾,30155_QUEER.csv
30296,跳進部落的孩子,Dancing Home,中華民國,普遍級,2025-04-17,摩登星球影業有限公司,89,王政一; 王政一,布拉瑞揚帕格勒法,30296_跳進部落的孩子.csv
30366,取精急轉彎,Spermageddon,挪威,輔15級,2025-04-25,原創娛樂股份有限公司,79,雷斯穆斯a席維特森; 湯姆維爾科拉,克里斯蒂安弗雷德里克米克爾森; 雅斯肯尼; 娜絲琳庫斯拉維,30366_取精急轉彎.csv
30430,會計師 2,THE ACCOUNTANT 2,美國,輔15級,2025-04-21,美商華納兄弟（遠東）股份有限公司台灣分公司,132,蓋文歐康諾,辛西亞雅代羅賓森; 丹妮雅皮內達; 班艾佛列克; jk 西蒙斯; 強柏恩瑟,30430_會計師 2.csv
30436,泣聲驚魂,The Wailing,西班牙,輔15級,2025-05-09,原創娛樂股份有限公司,107,佩德羅馬丁卡萊羅,瑪萊娜比利亞; 伊絲特伊克斯波席多; 瑪蒂爾德奧利維,30436_泣聲驚魂.csv
30497,沈睡的水下巨人,SHIPWRECKS TAIWAN,中華民國,普遍級,2025-04-25,牽猴子股份有限公司,93,李景白; 李景白; 李景白,,30497_沈睡的水下巨人.csv
30530,守護我們的星球,Guardians of our planet,中華民國,普遍級,2025-05-23,牽猴子股份有限公司,111,舒夢蘭,,30530_守護我們的星球.csv
30556,雷霆特攻隊 ,THUNDERBOLTS,美國,輔12級,2025-04-30,台灣華特迪士尼股份有限公司,126,傑克史艾爾,茱莉路易絲卓佛; 大衛哈伯; 懷特羅素; 歐嘉柯瑞蘭蔻; 賽巴斯汀史坦; 佛蘿倫絲普伊; 路易斯普曼; 漢娜約翰卡門,30556_雷霆特攻隊 .csv
30560,長椅小情歌,AT THE BENCH,日本,普遍級,2025-07-18,光年映畫有限公司,86,奧山由之,廣瀨鈴; 草彅剛; 吉岡里帆; 仲野太賀; 神木隆之介,30560_長椅小情歌.csv
30636,怪譚搜索,BLOAT,美國,輔12級,2025-06-06,原創娛樂股份有限公司,86,帕普蘿艾森圖,班傑明麥肯錫; 索耶瓊斯; 寶珍娜諾娃柯維克; 小杉健,30636_怪譚搜索.csv
30654,絕命終結站 血脈,FINAL DESTINATION: BLOODLINES,美國,限制級,2025-05-14,美商華納兄弟（遠東）股份有限公司台灣分公司,109,查克利普夫斯基; 亞當史坦,凱特琳聖胡安娜; 蒂奧布萊恩斯; 萊亞吉斯特德; 理查哈蒙; 安娜洛麗,30654_絕命終結站 血脈.csv
30655,ATEEZ WORLD TOUR [TOWARDS THE LIGHT：WILL TO POWER] IN CINEMAS,ATEEZ WORLD TOUR [TOWARDS THE LIGHT：WILL TO POWER] IN CINEMAS,韓國,普遍級,2025-05-09,采昌國際多媒體股份有限公司,125,,,30655_ATEEZ WORLD TOUR [TOWARDS THE LIGHT：WILL TO POWER] IN CINEMAS.csv
30670,星光王子 Dramatic PRISM.1,KING OF PRISM  Dramatic PRISM.1,日本,普遍級,2025-05-30,提恩傳媒實業有限公司,60,,,30670_星光王子 Dramatic PRISM.1.csv
30676,我們意外的勇氣,Unexpected Courage,中華民國,普遍級,2025-10-02,華文創股份有限公司,110,,,30676_我們意外的勇氣.csv
30698,記憶花園,Garden of Remembrance,日本,普遍級,2025-06-27,采昌國際多媒體股份有限公司,17,山田尚子,,30698_記憶花園.csv
30699,此刻的我們,We Live In Time,美國,輔12級,2025-05-16,英屬蓋曼群島商威望國際娛樂股份有限公司台灣分公司,107,約翰克勞利,安德魯加菲爾德; 佛蘿倫絲普伊,30699_此刻的我們.csv
30704,造山者－世紀的賭注,A Chip Odyssey,中華民國,普遍級,2025-06-13,視納華仁文化傳播股份有限公司,105,蕭菊貞,,30704_造山者－世紀的賭注.csv
30717,馴龍高手,HOW TO TRAIN YOUR DRAGON,美國,普遍級,2025-06-07,美商美國環球影片股份有限公司台灣分公司,125,迪恩戴布洛伊,梅森塔姆斯; 妮可帕克; 傑瑞德巴特勒,30717_馴龍高手.csv
30738,星際寶貝：史迪奇,Lilo & Stitch,美國,保護級,2025-05-22,台灣華特迪士尼股份有限公司,107,狄恩弗萊捨坎普,比利馬格努森; 查克葛里芬納奇; 瑪雅基羅哈; 克里斯桑德斯; 席妮奧古東,30738_星際寶貝：史迪奇.csv
30739,不可能的任務：最終清算,MISSION: IMPOSSIBLE -THE FINAL RECKONING,美國,輔12級,2025-05-17,美商美國派拉蒙影片股份有限公司台灣分公司,169,克里斯多弗麥奎里,龐克萊門捷夫; 海莉艾特沃; 湯姆克魯斯; 賽門佩格,30739_不可能的任務：最終清算.csv
30783,怪奇艾瑪,Emma's Big Adventure,美國,普遍級,2025-05-29,可樂藝術文創股份有限公司,79,廖光華,娜塔莉格蕾絲; 特拉維斯克洛爾,30783_怪奇艾瑪.csv
30784,她眼中的世界,LEE,美國,輔12級,2025-05-29,采昌國際多媒體股份有限公司,116,艾倫庫羅絲,瑪莉詠柯蒂亞; 諾耶米梅蘭特; 亞歷山大史柯斯嘉; 安迪山伯格; 喬許奧康納; 凱特溫絲蕾; 安德麗亞瑞斯波羅格,30784_她眼中的世界.csv
30808,滿血復活,BRING HER BACK,美國,限制級,2025-05-27,美商台灣索尼影業發行股份有限公司台灣分公司,104,麥可菲利浦; 丹尼菲利普,莎莉霍金斯,30808_滿血復活.csv
30809,名偵探柯南 獨眼的殘像,Detective Conan The Movie: One-Eyed Flashback,日本,保護級,2025-06-25,普威爾國際股份有限公司,109,,,30809_名偵探柯南 獨眼的殘像.csv
30812,送院途中,Vital Signs,香港,保護級,2025-05-29,華映國際文創股份有限公司,96,卓韻芝,朱栢康; 游學修; 袁澧林; 古天樂; 潘燦良,30812_送院途中.csv
30834,馬克白 - 大衛田納特版（經典劇集）,MACBETH WITH DAVID TENNANT AND CUSH JUMBO,英國,保護級,2025-05-23,威秀影城股份有限公司,114,,,30834_馬克白 - 大衛田納特版（經典劇集）.csv
30835,馬克白 - 雷夫范恩斯版（經典劇集）,MACBETH,英國,輔12級,2025-05-27,威秀影城股份有限公司,154,,,30835_馬克白 - 雷夫范恩斯版（經典劇集）.csv
30836,咆哮山莊 - WISE CHILDREN版（經典劇集）,WUTHERING HEIGHTS,英國,保護級,2025-05-30,威秀影城股份有限公司,160,,,30836_咆哮山莊 - WISE CHILDREN版（經典劇集）.csv
30854,腓尼基計劃,THE PHOENICIAN SCHEME,美國,輔12級,2025-06-06,美商美國環球影片股份有限公司台灣分公司,101,魏斯安德森,米亞薛爾波頓; 麥可塞拉; 班尼西歐岱托羅; 琥珀戴維絲; 史嘉蕾喬韓森; 傑弗瑞萊特; 湯姆漢克斯,30854_腓尼基計劃.csv
30863,我家妹妹不准嫁,Will You Marry Monk?,泰國,輔12級,2025-06-06,仲業股份有限公司,90,沃拉武塔溫威西瓦特; 翁加特切姆查倫波恩庫爾; 維拉瓦查約柴孔,鄭壹飛; 可恩娜帕瑟塔拉達那彭; 亞瑞克阿莫蘇帕西瑞,30863_我家妹妹不准嫁.csv
30864,世界就是這樣結束的,The End,英國,輔12級,2025-10-09,東昊影業有限公司,148,約書亞奧本海默,蒂妲絲雲頓; 喬治麥凱; tim mcinnerny; 麥可夏儂,30864_世界就是這樣結束的.csv
30895,男兒王2,NUMBER 2,新加坡,保護級,2025-06-13,華映國際文創股份有限公司,95,王國燊,謝穎澤; 賴宇涵; 陳日成; 張承喜; 陳俊權; 李國煌,30895_男兒王2.csv
30910,驅魔編年史：起源之戰,Exorcism Chronicles：The Beginning,韓國,輔12級,2025-08-15,可樂藝術文創股份有限公司,85,金東澈,,30910_驅魔編年史：起源之戰.csv
30935,鯊人魔,Dangerous Animals,澳洲,輔15級,2025-06-09,英屬蓋曼群島商威望國際娛樂股份有限公司台灣分公司,98,西恩柏恩,喬許霍斯頓; 哈西哈里森; 傑寇特尼,30935_鯊人魔.csv
30946,私家偵探,Behind the Shadows,香港,輔12級,2025-06-16,華映國際文創股份有限公司,102,周汶儒; 李子俊,古天樂; 劉冠廷; 周秀娜,30946_私家偵探.csv
30960,28年毀滅倒數,28 YEARS LATER,美國,限制級,2025-06-17,美商台灣索尼影業發行股份有限公司台灣分公司,114,丹尼鮑伊,阿爾菲威廉斯; 雷夫范恩斯; 亞倫泰勒強森; 茱蒂康默,30960_28年毀滅倒數.csv
31007,超硬伴娘,BRIDE HARD,美國,輔12級,2025-06-20,采昌國際多媒體股份有限公司,105,賽門魏斯特,達芬喬伊藍道夫; 琪琪祖巴多; 安娜克倫斯基; 瑞貝爾威爾森; 安娜坎普,31007_超硬伴娘.csv
31027,F1電影,F1,美國,保護級,2025-06-24,美商華納兄弟（遠東）股份有限公司台灣分公司,155,喬瑟夫柯辛斯基,凱莉肯頓; 哈維爾巴登; 達姆森伊卓瑞斯; 布萊德彼特,31027_F1電影.csv
31035,關於愛,LOVE,挪威,輔12級,2025-07-18,燕翼企業有限公司,119,達格約翰豪格魯德,拉爾斯雅各布荷姆; 湯瑪斯古勒斯塔; 塔約奇塔德拉雅各布森; 安德里亞布萊恩霍維格,31035_關於愛.csv
31037,暗影部隊,SHADOW FORCE,美國,輔12級,2025-10-03,車庫娛樂股份有限公司,103,喬卡納漢,馬克史壯; 歐馬希; 凱莉華盛頓,31037_暗影部隊.csv
31082,地球特派員,ELIO,美國,普遍級,2025-07-02,台灣華特迪士尼股份有限公司,97,石之予; 瑪德琳夏拉菲安; 阿德里安莫里納,雪莉韓德森; 柔伊莎達娜; 瑞蜜艾格莉; 賈米拉賈米爾; 布萊德嘉瑞特; 尤納斯基布里布,31082_地球特派員.csv
31087,豬排特務,HITPIG,美國,普遍級,2025-07-23,原創娛樂股份有限公司,84,大衛費斯; 辛琪亞安潔莉妮,雷恩威爾森; 莉莉辛格; 傑森蘇戴西斯; 查理亞德勒; 安妮塔,31087_豬排特務.csv
31122,關於夢（性與愛）,DREAMS,挪威,保護級,2025-07-25,燕翼企業有限公司,110,達格約翰豪格魯德,艾拉奧弗伯耶; 塞洛姆厄姆尼圖,31122_關於夢（性與愛）.csv
31123,侏羅紀世界：重生,JURASSIC WORLD REBIRTH,美國,保護級,2025-07-01,美商美國環球影片股份有限公司台灣分公司,133,蓋瑞斯愛德華,喬納森拜利; 馬奴賈西亞魯爾福; 魯柏佛蘭德; 馬赫夏拉阿里; 史嘉蕾喬韓森,31123_侏羅紀世界：重生.csv
31128,窒友梅根 2.0,M3GAN 2.0,美國,輔15級,2025-06-27,美商美國環球影片股份有限公司台灣分公司,119,傑拉德約翰史東,愛莉森威廉絲; 艾蜜唐納德; 伊凡娜莎克諾; 珍娜戴維斯; 任范愛普斯; 維奧萊麥克羅,31128_窒友梅根 2.0.csv
31155,惡夏,A BAD SUMMER,日本,輔15級,2025-06-28,政駒實業有限公司,115,城定秀夫,窪田正孝; 竹原皮斯托; 河合優實; 北村匠海,31155_惡夏.csv
31158,黑白線人,Yadang: The Snitch,韓國,限制級,2025-09-05,可樂藝術文創股份有限公司,122,黃炳國,姜河那; 朴海俊; 柳海真,31158_黑白線人.csv
31159,皇家保姆亞瑟,OUT OF THE NEST,泰國,普遍級,2025-10-03,可樂藝術文創股份有限公司,85,阿圖羅a赫南德茲; 安德魯戈登; 維拉帕特拉吉​​納納溫; 傑夫舒,,31159_皇家保姆亞瑟.csv
31186,超人,SUPERMAN,美國,保護級,2025-07-08,美商華納兄弟（遠東）股份有限公司台灣分公司,129,詹姆斯岡恩,瑪麗亞加布里埃拉法里亞; 大衛科倫斯韋; 艾迪蓋瑟吉; 尼可拉斯霍特; 伊莎貝拉莫娜; 瑞秋布羅斯納漢,31186_超人.csv
31190,電影哆啦A夢：大雄的繪畫世界物語,DORAEMON THE MOVIE: NOBITA'S ART WORLD TALES,日本,普遍級,2025-07-18,車庫娛樂股份有限公司,104,,,31190_電影哆啦A夢：大雄的繪畫世界物語.csv
31191,病毒,VIRUS,韓國,保護級,2025-09-19,車庫娛樂股份有限公司,98,姜利官,金倫奭; 裴斗娜; 孫錫求,31191_病毒.csv
31192,迷望,Mimang,韓國,普遍級,2025-07-11,東昊影業有限公司,92,金太陽,夏成國; 李明河,31192_迷望.csv
31201,壞蛋聯盟 2,THE BAD GUYS 2,美國,保護級,2025-07-26,美商美國環球影片股份有限公司台灣分公司,103,皮埃爾佩里費爾,馬克馬隆; 安東尼拉莫斯; 山姆洛克威爾; 克雷格羅賓森; 奧卡菲娜,31201_壞蛋聯盟 2.csv
31221,那個人消失了,Who’s gone,日本,保護級,2025-08-01,中影股份有限公司,103,水野格,高橋文哉; 田中圭,31221_那個人消失了.csv
31222,與達賴喇嘛談心：尋找幸福的智慧,Wisdom of Happiness,瑞士,保護級,2025-07-20,海鵬影業有限公司,90,,,31222_與達賴喇嘛談心：尋找幸福的智慧.csv
31251,藍色小精靈大電影,SMURFS,美國,普遍級,2025-07-18,美商美國派拉蒙影片股份有限公司台灣分公司,91,馬特蘭登; 克里斯米勒,約翰古德曼; 娜塔莎諾伊尼; 寇特羅素; 詹姆斯柯登; 蕾哈娜; 漢娜沃丁厄姆,31251_藍色小精靈大電影.csv
31301,我在荒野做了一場夢,Seven Ages of a Man,中華民國,普遍級,2025-08-22,牽猴子股份有限公司,103,沈可尚,徐仁修; 徐仁修,31301_我在荒野做了一場夢.csv
31303,無名弒 2,NOBODY 2,美國,輔15級,2025-08-15,美商美國環球影片股份有限公司台灣分公司,89,提摩塔堅德,約翰歐提茲; 鮑勃奧登科克; 柯林漢克斯; 康妮尼爾森; 莎朗史東; 克里斯多夫洛伊,31303_無名弒 2.csv
31304,沒有煙硝的山村,Vermiglio,法國,保護級,2025-08-08,聯影企業股份有限公司,119,莫拉德佩洛,聖地亞哥馮德維拉; 卡洛塔甘巴; 瑪蒂娜斯克林齊; 朱塞佩德多梅尼科,31304_沒有煙硝的山村.csv
31305,世紀編舞大師,Cranko (John Cranko),德國,輔12級,2025-09-05,聯影企業股份有限公司,139,約阿希姆朗; 約阿希姆朗,山姆萊利,31305_世紀編舞大師.csv
31307,邊境風暴,To a Land Unknown,英國,輔12級,2025-08-14,佳映娛樂國際股份有限公司,105,,,31307_邊境風暴.csv
31308,噪音殺機,Noise,韓國,輔15級,2025-08-29,采昌國際多媒體股份有限公司,93,金秀珍,金玟錫; 韓秀娥; 李先彬; 柳炅秀,31308_噪音殺機.csv
31323,歌劇魅影 20週年經典重映,The Phantom of the Opera,英國,保護級,2025-07-27,天馬行空數位有限公司,141,,,31323_歌劇魅影 20週年經典重映.csv
31325,一念菩提,The Seed of the Sacred Fig,伊朗,輔15級,2025-08-01,好威映象有限公司,166,穆罕默德拉素羅夫,馬哈薩羅斯塔米; 米薩查瑞赫; 賽塔蕾馬勒基; 索海拉戈萊斯塔尼,31325_一念菩提.csv
31329,全知讀者視角,Omniscient Reader,韓國,輔12級,2025-07-21,采昌國際多媒體股份有限公司,116,金秉祐,蔡秀彬; 林珍娜; 安孝燮; 李敏鎬; 金智秀; 申承浩,31329_全知讀者視角.csv
31330,醜繼妹,The Ugly Stepsister,挪威,限制級,2025-08-01,傳影互動股份有限公司,109,艾蜜莉布利希費爾特,莉亞邁倫; 忒亞蘇菲內斯; 安達爾托普,31330_醜繼妹.csv
31352,驚奇4超人：第一步,The Fantastic Four: First Steps,美國,保護級,2025-07-23,台灣華特迪士尼股份有限公司,114,麥特夏克曼,凡妮莎寇比; 艾邦摩斯貝克許; 喬瑟夫昆恩; 佩德羅帕斯卡,31352_驚奇4超人：第一步.csv
31355,電影蠟筆小新：超華麗！灼熱的春日部舞者們,CRAYON SHINCHAN THE MOVIE: SUPER HOT! THE SPICY KASUKABE DANCERS,日本,普遍級,2025-08-22,車庫娛樂股份有限公司,105,,,31355_電影蠟筆小新：超華麗！灼熱的春日部舞者們.csv
31356,岸邊露伴一動也不動 懺悔室,Thus Spoke Kishibe Rohan:At a confessional,日本,輔12級,2025-08-01,原創娛樂股份有限公司,110,渡邊一貴,玉城蒂娜; 飯豐萬理江; 井浦新; 高橋一生,31356_岸邊露伴一動也不動 懺悔室.csv
31364,凶器,WEAPONS,美國,限制級,2025-08-08,美商華納兄弟（遠東）股份有限公司台灣分公司,128,札克克瑞格,黃凱旋; 艾美麥蒂根; 朱莉亞嘉納; 喬許布洛林,31364_凶器.csv
31365,劇場版「鬼滅之刃」無限城篇 第一章 猗窩座再襲,Demon Slayer：Kimetsu no Yaiba Infinity Castle,日本,輔12級,2025-08-06,木棉花國際股份有限公司,154,,,31365_劇場版「鬼滅之刃」無限城篇 第一章 猗窩座再襲.csv
31394,失控夜班,Late Shift,丹麥,保護級,2025-08-29,光年映畫有限公司,91,佩特拉比翁迪娜沃爾普,萊奧妮貝內施; 里德萬穆拉蒂,31394_失控夜班.csv
31402,天作之合,MATERIALISTS,美國,普遍級,2025-08-23,美商台灣索尼影業發行股份有限公司台灣分公司,116,席琳宋,克里斯伊凡; 達柯塔強生; 佩德羅帕斯卡,31402_天作之合.csv
31412,地嚇鐵,Ghost Train,韓國,輔12級,2025-08-01,英屬維京群島商高捷全球開發有限公司 台灣分公司,94,卓世雄,崔普閔; 全裴修; 朱賢英,31412_地嚇鐵.csv
31414,老爸歌單未完待續,Unforgettable,日本,普遍級,2025-08-08,采昌國際多媒體股份有限公司,93,小泉德宏,松坂桃李; 寺尾聰,31414_老爸歌單未完待續.csv
31432,Chao，我代表人類跟人魚結婚了,ChaO,日本,保護級,2025-08-13,英屬蓋曼群島商威望國際娛樂股份有限公司台灣分公司,90,,,31432_Chao，我代表人類跟人魚結婚了.csv
31434,從那天起，眼淚是美味的,Taste and Tears,日本,保護級,2025-08-22,捷傑有限公司,108,,,31434_從那天起，眼淚是美味的.csv
31435,我和我的殭屍女兒,MY DAUGHTER IS A ZOMBIE,韓國,輔12級,2025-08-01,車庫娛樂股份有限公司,113,畢鑑盛,曹汝貞; 尹敬浩; 崔惟理; 李姃垠; 曹政奭,31435_我和我的殭屍女兒.csv
31436,馴鹿大冒險：超越北極光,Niko - Beyond the Northern Lights,芬蘭,普遍級,2025-08-08,海鵬影業有限公司,85,約根列爾登; 卡里尤索南,達爾莫馬根尼斯; 馬修韋倫; 羅傑格雷格; 保羅泰來克; 艾琳米滕; 愛瑪詹金斯,31436_馴鹿大冒險：超越北極光.csv
31446,我的朝聖之路,"The Way, My Way",澳洲,普遍級,2025-08-03,海鵬影業有限公司,99,比爾班奈特,琵雅桑德波特; 克里斯海伍德; 珍妮佛克拉夫; 勞拉拉克希米,31446_我的朝聖之路.csv
31474,角頭－鬥陣欸,GATAO: Big Brothers,中華民國,限制級,2025-08-21,威視股份有限公司,123,姚宏易; 姜瑞智,高捷; 夏靖庭; 蔡振南; 太保; 龍天翔; 喜翔; 王識賢,31474_角頭－鬥陣欸.csv
31475,詭妾,GUNDIK,印尼,輔15級,2025-08-08,車庫娛樂股份有限公司,112,安吉烏巴拉,露娜馬雅; 馬克西姆布提爾; 阿古斯昆佐羅; 迪安西迪克; 阿里夫迪杜,31475_詭妾.csv
31476,劇場版 歌之☆王子殿下♪ TABOO NIGHT XXXX,Movie:Utano☆Princesama TABOO NIGHT XXXX,日本,普遍級,2025-08-08,曼迪傳播股份有限公司,59,古田丈司,前野智昭; 蒼井翔太,31476_劇場版 歌之☆王子殿下♪ TABOO NIGHT XXXX.csv
31502,怪奇寶貝,SKETCH,美國,保護級,2025-09-05,車庫娛樂股份有限公司,92,賽斯沃利,妲西卡登; 凱隆考克斯; 比安卡貝爾; 托尼海爾; 庫勞倫斯,31502_怪奇寶貝.csv
31503,夜晚還年輕,Tangerine,美國,限制級,2025-08-15,好威映象有限公司,87,,,31503_夜晚還年輕.csv
31507,一兆$遊戲　劇場版,Trillion Game the Movie,日本,保護級,2025-08-15,天馬行空數位有限公司,117,,,31507_一兆$遊戲　劇場版.csv
31514,伊人製造,MAKE A GIRL,日本,普遍級,2025-08-29,提恩傳媒實業有限公司,92,安田現象,增田俊樹; 堀江瞬; 上田燿司; 種崎敦美; 花澤香菜; 雨宮天,31514_伊人製造.csv
31520,龍之心-靈界探訪記-,ドラゴン・ハート-霊界探訪記-,日本,輔12級,2025-08-30,台灣幸福科學出版有限公司,119,今掛勇,深見梨加; 廣瀨千夏; 淺野真澄,31520_龍之心-靈界探訪記-.csv
31523,樂來越愛你,La La Land,英國,普遍級,2025-09-12,英屬蓋曼群島商威望國際娛樂股份有限公司台灣分公司,127,,,31523_樂來越愛你.csv
31524,追愛衝浪手,SILENT ROAR,英國,輔12級,2025-08-15,東昊影業有限公司,90,強尼巴林頓,艾拉莉莉海蘭; 路易斯麥卡尼,31524_追愛衝浪手.csv
31531,詭鄉,Eerie Hometown,中華民國,輔12級,2025-09-19,威視股份有限公司,93,馬新語,初孟軒; 雷嘉汭; 張翰 (ii); 王滿嬌,31531_詭鄉.csv
31532,SEISHUN INOSHISHI <Go Wild> ATARASHII GAKKO! THE MOVIE,SEISHUN INOSHISHI <Go Wild> ATARASHII GAKKO! THE MOVIE,日本,普遍級,2025-08-13,秀泰全球影城股份有限公司,119,,,31532_SEISHUN INOSHISHI _Go Wild_ ATARASHII GAKKO! THE MOVIE.csv
31541,熱烈,One and Only,中國大陸,普遍級,2025-09-26,恆星多媒體股份有限公司,123,大鵬,王一博; 黃渤,31541_熱烈.csv
31547,辣媽辣妹2,Freakier Friday,美國,普遍級,2025-08-18,台灣華特迪士尼股份有限公司,110,妮莎嘉娜卓,潔美李寇蒂斯; 茱利亞芭特絲; 查德麥可莫瑞; 索菲亞漢門斯; 琳賽蘿涵,31547_辣媽辣妹2.csv
31556,鬼 · 驅靈,DOMINION OF DARKNESS,印尼,輔15級,2025-08-15,車庫娛樂股份有限公司,95,,,31556_鬼 · 驅靈.csv
31559,脫線神探,THE NAKED GUN,美國,輔12級,2025-08-22,美商美國派拉蒙影片股份有限公司台灣分公司,85,艾基瓦薛佛,潘蜜拉安德森; 保羅沃爾特豪澤爾; 連恩尼遜,31559_脫線神探.csv
31560,近畿．禁忌,KINKI,日本,輔15級,2025-08-22,車庫娛樂股份有限公司,103,,,31560_近畿．禁忌.csv
31563,戰疫前線,Frontline,日本,普遍級,2025-08-23,天馬行空數位有限公司,129,關根光才,池松壯亮; 森七菜; 松坂桃李; 窪塚洋介; 小栗旬,31563_戰疫前線.csv
31564,塗鴉日記,Kakukaku Shikajika,日本,普遍級,2025-08-27,天馬行空數位有限公司,126,關和亮,大泉洋; 永野芽郁,31564_塗鴉日記.csv
31565,6DAYS,6DAYS,韓國,普遍級,2025-08-22,采昌國際多媒體股份有限公司,80,,,31565_6DAYS.csv
31570,無名指,My First of May,香港,普遍級,2025-09-19,華映國際文創股份有限公司,91,孔令政,許恩怡; 郭富城; 梁詠琪; 譚耀文; 鮑起靜,31570_無名指.csv
31596,厲陰宅：最終聖事,The Conjuring：Last Rites,美國,輔15級,2025-09-03,美商華納兄弟（遠東）股份有限公司台灣分公司,135,麥可查維斯,薇拉法蜜嘉; 派翠克威爾森,31596_厲陰宅：最終聖事.csv
31650,親愛的家人,DEAR FAMILY,日本,普遍級,2025-09-05,車庫娛樂股份有限公司,116,月川翔,大泉洋; 菅野美穗; 福本莉子,31650_親愛的家人.csv
31651,永遠在一起,TOGETHER,美國,輔15級,2025-09-26,采昌國際多媒體股份有限公司,101,麥可山克斯,戴夫法蘭科; 愛莉森布里,31651_永遠在一起.csv
31654,電影版小林家的龍女僕：害怕寂寞的龍,Miss Kobayashi's Dragon Maid: A lonely dragon wants to be loved,日本,保護級,2025-09-09,采昌國際多媒體股份有限公司,104,石原立也,高橋未奈美; 長繩麻理亞; 高田憂希; 高橋未奈美; 桑原由氣; 田村睦心; 高田憂希,31654_電影版小林家的龍女僕：害怕寂寞的龍.csv
31662,淒厲人師,The Tutor,泰國,輔12級,2025-09-26,原創娛樂股份有限公司,107,布蘭戴德斯德,芽芽茵; 索蘭拉姆阿內拉普; 尼措空卡瓊伯利叻; 鄭子忠; 因托楚克倥拉瑪蘇皖,31662_淒厲人師.csv
31668,突破:三千米的泳氣,Second Life,中華民國,保護級,2025-10-03,春暉映像有限公司,123,,,31668_突破_三千米的泳氣.csv
31669,鬼驅魔,Tharae：the Exorcist,泰國,輔15級,2025-08-29,英屬維京群島商高捷全球開發有限公司 台灣分公司,118,塔偉華温泰,吉拉宇唐思蘇克; 洪天逸,31669_鬼驅魔.csv
31670,搖籃凡世,Pavane for an Infant,馬來西亞,輔12級,2025-09-19,海鵬影業有限公司,116,張吉安,許恩怡; 廖子妤,31670_搖籃凡世.csv
31679,凌晨兩點的惡魔,PRETTY CRAZY,韓國,普遍級,2025-08-29,車庫娛樂股份有限公司,112,李相槿; 李相槿,成東鎰; 潤娥; 安普賢,31679_凌晨兩點的惡魔.csv
31682,毒魔,THE TOXIC AVENGER,美國,限制級,2025-08-29,車庫娛樂股份有限公司,102,,,31682_毒魔.csv
31684,熊貓月寶 ,MOON THE PANDA,法國,普遍級,2025-08-29,壹壹喜喜電影股份有限公司,99,吉勒斯戴邁斯特,亞歷珊卓蕾米; 劉燁; 張艾嘉,31684_熊貓月寶 .csv
31685,劇場版 咒術迴戰 懷玉・玉折,JUJUTSU KAISEN: Hidden Inventory / Premature Death – The Movie,日本,保護級,2025-09-05,薩摩亞商羚邦(亞洲)有限公司台灣分公司,110,,,31685_劇場版 咒術迴戰 懷玉・玉折.csv
31701,麵包超人電影版：小水滴的英雄！,ANPANMAN: Chapon's Hero！,日本,普遍級,2025-09-06,曼迪傳播股份有限公司,58,,,31701_麵包超人電影版：小水滴的英雄！.csv
31702,光,The light,德國,輔15級,2025-10-03,聯影企業股份有限公司,162,,,31702_光.csv
31704,陌路兄弟,Road's End in Taiwan,中華民國,保護級,2025-09-26,綺影映畫有限公司,91,瑪莉亞尼科里埃爾,納曜; 鳳小岳; 皮埃爾安托萬杜比; 林慶台,31704_陌路兄弟.csv
31712,劇場版 歌之☆王子殿下♪ TABOO NIGHT XXXX with Double Encore (QUARTET NIGHT version),Movie:Utano☆Princesama TABOO NIGHT XXXX with Double Encore (QUARTET NIGHT version),日本,普遍級,2025-09-05,曼迪傳播股份有限公司,70,,,31712_劇場版 歌之☆王子殿下♪ TABOO NIGHT XXXX with Double Encore (QUARTET NIGHT version).csv
31713,捏造：史上最惡殺人教師,SHAM,日本,輔12級,2025-09-19,光年映畫有限公司,129,三池崇史,龜梨和也; 大倉孝二; 綾野剛; 木村文乃; 柴崎幸,31713_捏造：史上最惡殺人教師.csv
31714,鋼琴之子,Wolfgang,西班牙,普遍級,2025-09-19,仲業股份有限公司,110,哈維爾魯伊斯卡德拉,喬迪卡塔蘭; 安娜卡斯提洛; 米奇艾斯帕貝; 安琪戈尼亞隆斯; 貝爾托羅梅羅,31714_鋼琴之子.csv
31715,致我所愛之人,Belonging,日本,普遍級,2025-09-05,中影股份有限公司,90,東香織,小泉今日子,31715_致我所愛之人.csv
31745,血怨,PEREWANGAN,印尼,輔15級,2025-09-26,車庫娛樂股份有限公司,109,艾文蘇亞迪,烏利特里亞尼; 珊蒂; 貝比伊芙琳; 達維娜卡拉莫伊,31745_血怨.csv
31746,希瑪之歌,Sima's Song,阿富汗,保護級,2025-10-13,飛望影像有限公司,97,,,31746_希瑪之歌.csv
31748,卡夫卡最後的愛,The Glory of Life,德國,保護級,2025-09-27,海鵬影業有限公司,98,喬治馬斯; 茱蒂斯凱夫曼,薩賓塔布瑞亞; 曼努埃爾魯比; 亨麗埃特康芙莉絲,31748_卡夫卡最後的愛.csv
31760,鬼巫,WITCHBOARD,美國,輔15級,2025-09-12,車庫娛樂股份有限公司,112,恰克羅素,麥蒂遜艾斯曼; 梅蘭妮簡森; 亞倫多明格斯; 傑米坎貝爾鮑爾; 查理特翰; 安東妮亞戴斯培,31760_鬼巫.csv
31762,約見波布,Meeting with Pol Pot,法國,輔12級,2025-09-26,海鵬影業有限公司,112,潘禮德,葛雷哥瓦柯林; 伊蓮雅各; 希里爾桂伊,31762_約見波布.csv
31767,醜得要命,THE UGLY,韓國,輔12級,2025-09-20,壹壹喜喜電影股份有限公司,102,延尚昊,朴正民; 權海孝,31767_醜得要命.csv
31769,大競走,THE LONG WALK,美國,輔15級,2025-09-12,車庫娛樂股份有限公司,108,法蘭西斯勞倫斯,約書亞奧吉克; 庫柏霍夫曼; 馬克漢米爾; 查理普拉瑪; 王班; 大衛榮松,31769_大競走.csv
31776,搗破法蘭克,Smashing Frank,香港,輔15級,2025-10-03,華映國際文創股份有限公司,88,蔡康凝,袁富華; 談善言; 楊偉倫; 岑珈其; 林家熙; 楊偲泳,31776_搗破法蘭克.csv
31777,奇幻導航,A BIG BOLD BEAUTIFUL JOURNEY,美國,保護級,2025-10-02,美商台灣索尼影業發行股份有限公司台灣分公司,109,名田高梧,瑪格羅比; 柯林法洛,31777_奇幻導航.csv
31794,劇場版『鏈鋸人 蕾潔篇』,Chainsaw Man – The Movie: Reze Arc,日本,輔15級,2025-09-19,美商台灣索尼影業發行股份有限公司台灣分公司,99,吉原達矢,戶谷菊之介; 菲魯茲藍; 坂田將吾; 楠木燈; 上田麗奈,31794_劇場版『鏈鋸人 蕾潔篇』.csv
31796,傲嬌公主的奇幻冒險,The Proud Princess,捷克,普遍級,2025-09-20,希望影視行銷股份有限公司,84,拉德克貝蘭; 大衛利西,安娜菲亞洛娃; 珍娜斯沃博多瓦; 阿列什普羅哈茲卡,31796_傲嬌公主的奇幻冒險.csv
31797,一戰再戰,One Battle After Another,美國,輔15級,2025-09-25,美商華納兄弟（遠東）股份有限公司台灣分公司,161,保羅湯瑪斯安德森,瑞吉娜霍爾; 西恩潘; 班尼西歐岱托羅; 堤亞娜泰勒; 李奧納多狄卡皮歐; 雀絲英菲尼迪,31797_一戰再戰.csv
31799,電影版 神奇柑仔店 錢天堂,The Supernatural Sweet Shop The Movie,日本,普遍級,2025-09-26,車庫娛樂股份有限公司,103,中田秀夫,上白石萌音; 天海祐希; 大橋和也; 伊原六花,31799_電影版 神奇柑仔店 錢天堂.csv
31801,鬼祭,Pabrik Gula,印尼,輔15級,2025-09-19,采昌國際多媒體股份有限公司,132,艾文蘇亞迪,貝尼迪克特斯西雷加爾; 阿里夫阿爾菲安西亞; 埃爾西亞奧雷利亞; 阿爾巴尼亞西茲,31801_鬼祭.csv
31805,阿蒙怎麼了？,Armand,挪威,輔12級,2025-09-19,好威映象有限公司,117,哈爾夫登烏曼通德爾,艾倫多莉彼得森; 蕾娜特萊茵斯薇; 恩卓海勒斯魏特; 西婭蘭布雷希茨沃倫; 奧伊斯坦羅格,31805_阿蒙怎麼了？.csv
31807,泥娃娃,Mudborn,中華民國,輔15級,2025-10-09,威視股份有限公司,110,解孟儒,郭雪芙; 蔡思韵; 張軒睿; 楊祐寧,31807_泥娃娃.csv
31808,夢想巨無霸,Jumbo,印尼,普遍級,2025-10-03,采昌國際多媒體股份有限公司,102,瑞安阿德里安迪,葛拉西艾拉艾比蓋兒; 尤素夫奧茲坎; 普林斯波艾提雷; 奎因薩爾曼,31808_夢想巨無霸.csv
31809,疾速營救,Stolen Girl,美國,輔12級,2025-09-26,英屬維京群島商高捷全球開發有限公司 台灣分公司,104,詹姆斯肯特,史考特伊斯威特; 凱特貝琴薩,31809_疾速營救.csv
31810,十年,TEN YEARS,香港,輔12級,2025-10-10,佳映娛樂國際股份有限公司,104,,,31810_十年.csv
31835,沒好婚姻,The Roses,美國,輔15級,2025-09-26,台灣華特迪士尼股份有限公司,105,傑洛奇,安迪山伯格; 愛莉森珍妮; 班尼迪克康柏拜區; 凱特麥金儂; 蘇尼塔馬尼; 奧莉薇雅柯爾曼,31835_沒好婚姻.csv
31836,8號出口,Exit 8,日本,保護級,2025-09-19,壹壹喜喜電影股份有限公司,94,川村元氣,二宮和也; 小松菜奈,31836_8號出口.csv
31842,蓋比的娃娃屋大電影,GABBY'S DOLLHOUSE: THE MOVIE,美國,普遍級,2025-10-03,美商美國環球影片股份有限公司台灣分公司,98,萊恩克雷戈,瑪吉洛; 茱莉葉多南費爾德; 多諾萬巴頓; 克莉絲汀薇格; 艾德華度法蘭科; 萊拉洛克哈特克雷納,31842_蓋比的娃娃屋大電影.csv
31863,他年她日,MEASURE IN LOVE,香港,保護級,2025-09-29,香港商甲上娛樂有限公司台灣分公司,112,龔兆平,陳澤耀; 許光漢; 袁澧林,31863_他年她日.csv
31900,一百公尺。,100 METERS,日本,普遍級,2025-10-03,車庫娛樂股份有限公司,106,岩井澤健治,松坂桃李; 染谷將太,31900_一百公尺。.csv
31904,陰陽眼見子,THE GIRL WHO SEES,日本,保護級,2025-09-30,天馬行空數位有限公司,97,中村義洋,久間田琳加; 奈葉; 原菜乃華,31904_陰陽眼見子.csv
31988,銀簪子,Grandma's Hairpin,中華民國,普遍級,2025-10-02,牽猴子股份有限公司,88,蕭菊貞,,31988_銀簪子.csv
32086,有用的鬼,A Useful Ghost,泰國,限制級,2025-10-12,傳影互動股份有限公司,130,,,32086_有用的鬼.csv
32087,碰碰狐和貝貝彬歡唱電影：奇幻世界大冒險(國語版),Bebefinn Sing-Along Movie: Into the Pinkfong World,韓國,普遍級,2025-10-04,香港商甲上娛樂有限公司台灣分公司,64,,,32087_碰碰狐和貝貝彬歡唱電影：奇幻世界大冒險(國語版).csv
32098,藤本樹17-26：PART 1,Tatsuki Fujimoto 17‐21,日本,輔12級,2025-10-13,采昌國際多媒體股份有限公司,67,,,32098_藤本樹17-26：PART 1.csv
32099,創：戰神,Tron: Ares,美國,保護級,2025-10-08,台灣華特迪士尼股份有限公司,118,喬奇姆羅寧,吉蓮安德森; 傑瑞德雷托; 伊凡彼得斯; 茱蒂透納史密斯; 葛麗塔李; 傑夫布里吉,32099_創：戰神.csv
32103,狼來了,COYOTES,美國,輔15級,2025-10-09,車庫娛樂股份有限公司,91,科林米尼漢,賈斯汀隆; 凱特柏絲沃,32103_狼來了.csv
32111,徵人啟弒,NO Other Choice,韓國,輔15級,2025-10-09,英屬維京群島商高捷全球開發有限公司 台灣分公司,138,朴贊郁,車勝元; 李星民; 朴喜洵; 孫藝真; 廉惠蘭; 李炳憲,32111_徵人啟弒.csv
32112,風林火山,Sons of the Neon Night,香港,限制級,2025-10-09,壹壹喜喜電影股份有限公司,125,麥浚龍,梁家輝; 劉青雲; 高圓圓; 古天樂; 金城武,32112_風林火山.csv
32114,藤本樹17-26：PART 2,Tatsuki Fujimoto 22-26,日本,輔12級,2025-10-13,采昌國際多媒體股份有限公司,75,,,32114_藤本樹17-26：PART 2.csv
32116,銀魂劇場版 2D 真選組動亂篇,GINTAMA ON THEATER 2D Shinsen-Gumi Doukan Arc,日本,保護級,2025-10-09,薩摩亞商羚邦(亞洲)有限公司台灣分公司,101,,,32116_銀魂劇場版 2D 真選組動亂篇.csv
8873,橫山家之味,STILL WALKING,日本,普遍級,2018-06-08,傳影互動股份有限公司,110,是枝裕和,阿部寬; 夏川結衣; 樹木希林; 寺島進,8873_橫山家之味.csv
8878,無人知曉的夏日清晨,NOBODY KNOWS,日本,輔12級,2018-06-08,傳影互動股份有限公司,140,是枝裕和,柳樂優彌; 木村飛影; 北浦愛; 清水萌萌子; 韓英惠; YOU,8878_無人知曉的夏日清晨.csv
9161,宿怨,HEREDITARY,美國,輔15級,2018-06-13,傳影互動股份有限公司,128,亞瑞阿斯特,東妮克莉蒂; 蓋布瑞拜恩; 艾力克斯沃爾夫; 米莉夏皮羅; 安道得; Mallory Bechtel; Zachary Arthur; Mark Blockovich; Jake Brown; Gabriel Monroe Eckert; John Forker; Gerry Garcia; Austin R. Grant; Rachelle Hardy; Brock McKinney,9161_宿怨.csv
