gov_id,gov_title_zh,gov_title_en,region,rating_class,official_release_date_gov,publisher,film_length,director,actor_list,source_file,title_zh,release_round,is_re_release,release_start,release_end,release_days,total_weeks,active_weeks,total_amount,total_tickets,avg_amount_per_week,avg_tickets_per_week,peak_amount,peak_amount_week,peak_theater_count,avg_theater_count,amount_growth_rate,decline_rate_mean,decline_rate_last,is_long_tail,status,release_initial_date,update_at,previous_round_count,previous_total_amount,re_release_gap_days,previous_avg_amount
13460,仲夏魘,MIDSOMMAR,美國,限制級,2019-07-12,車庫娛樂股份有限公司,,,,13460_仲夏魘.csv,仲夏魘,2.0,True,2025-09-15,2025-10-19,35.0,5.0,5.0,1224762.0,4577.0,244952.4,915.4,537603.0,2025-09-15~2025-09-21,38.0,21.0,-0.084,-0.506,-0.931,False,上映中,2019-07-15,2025-10-29 14:03:59,1.0,1563058.0,2220.0,312611.6
17126,幻愛,Beyond the Dream,香港,輔12級,2020-10-15,光年映畫有限公司,,周冠威,蔡思韵; 劉俊謙; 潘燦良; 鮑起靜; 張滿源; 黃嵐; 魏綺珊; 駱振偉; 蘇皓兒,17126_幻愛.csv,幻愛,1.0,False,2020-10-19,2020-12-20,63.0,9.0,9.0,662692.0,2887.0,73632.44,320.78,273917.0,2020-10-19~2020-10-25,15.0,6.11,-0.523,-0.358,-0.639,False,下檔,2020-10-19,2025-10-29 14:03:59,0.0,0.0,0.0,0.0
21389,們,MEN,英國,限制級,2022-05-31,車庫娛樂股份有限公司,,九把刀,柯震東; 陳妍希; 敖犬; 胡家瑋; 郝劭文; 蔡昌憲; 鄢勝宇; 柯義浤; 王彩樺; 李維維; 邱彥翔; 李鳳新; 段正平; 高麗紅[TW]; 蔡武雄; 許麗娜; 劉雨辰; 陳永晉; 嚴藝文; 賴炳輝; 陳繼平,21389_們.csv,們,2.0,True,2025-09-15,2025-10-12,28.0,4.0,3.0,41965.0,153.0,13988.33,51.0,18830.0,2025-09-15~2025-09-21,1.0,1.0,-0.395,0.011,0.032,False,下檔,2022-06-06,2025-10-29 14:03:59,1.0,1705305.0,1163.0,341061.0
21930,天黑請斃命,BODIES BODIES BODIES,美國,輔15級,2022-08-19,美商台灣索尼影業發行股份有限公司台灣分公司,,哈琳娜瑞金,雅蔓德拉史坦柏; 瑪麗亞巴卡洛娃; 瑞秋森諾特; 雀絲蘇萬德斯; 彼得戴維森; 麥哈拉哈羅德; 李培斯; Conner O'Malley; Semih Senturk,21930_天黑請斃命.csv,天黑請斃命,3.0,True,2025-09-15,2025-10-12,28.0,4.0,2.0,10360.0,40.0,5180.0,20.0,7042.0,2025-10-06~2025-10-12,1.0,1.0,1.122,0.0,0.0,False,下檔,2022-08-22,2025-10-29 14:03:59,2.0,1446970.0,1044.0,180871.25
22894,一一 25周年4K數位修復版,YIYI-A ONE AND A TWO,中華民國,保護級,2025-09-19,傳影互動股份有限公司,,,,22894_一一 25周年4K數位修復版.csv,一一 25周年4K數位修復版,1.0,False,2025-09-22,2025-10-26,35.0,5.0,5.0,3482591.0,13073.0,696518.2,2614.6,1623554.0,2025-09-22~2025-09-28,25.0,16.8,-0.391,-0.365,-0.632,False,上映中,2025-09-22,2025-10-29 14:03:59,0.0,0.0,0.0,0.0
23322,阿凡達：水之道,AVATAR: THE WAY OF WATER,美國,保護級,2022-12-14,博偉電影股份有限公司,,詹姆斯卡麥隆,山姆沃辛頓; 柔伊莎達娜; 楊紫瓊; 凱特溫絲蕾; 雪歌妮薇佛; 傑梅奈克萊門特; 奧娜卓別林; 喬凡尼瑞比希; 史帝芬朗; 愛迪法珂; 克里夫柯提斯; 克蘿伊科爾曼; CCH龐德 CCH Pounder; 喬大衛摩爾; 貝里巴斯; 傑米弗拉特斯; 傑克查恩,23322_阿凡達：水之道.csv,阿凡達：水之道,2.0,True,2023-05-29,2023-08-06,70.0,10.0,10.0,590733.0,6314.0,59073.3,631.4,151407.0,2023-06-05~2023-06-11,5.0,3.2,0.63,0.033,-0.624,False,下檔,2022-12-19,2025-10-29 14:03:59,1.0,589309406.0,64.0,42093529.0
23548,日麗,Aftersun,英國,保護級,2023-01-25,東昊影業有限公司,,Charlotte Wells,保羅梅茲卡爾; Frankie Corio; Celia Rowlson-Hall; Kayleigh Coleman; Sally Messham; Harry Perdios; Ethan Smith; Ruby Thompson; Brooklyn Toulson,23548_日麗.csv,日麗,2.0,True,2025-09-22,2025-10-19,28.0,4.0,3.0,188491.0,639.0,62830.33,213.0,67575.0,2025-09-22~2025-09-28,1.0,1.0,-0.109,0.003,0.008,False,上映中,2023-02-06,2025-10-29 14:03:59,1.0,5272579.0,848.0,439381.58
23614,我的鯨魚老爸,THE WHALE,美國,保護級,2023-02-02,車庫娛樂股份有限公司,,戴倫亞洛諾夫斯基,布蘭登費雪; 莎蒂辛克; 周洪; 泰辛普金斯; 珊曼莎摩頓; Sathya Sridharan; Jacey Sink,23614_我的鯨魚老爸.csv,我的鯨魚老爸,2.0,True,2025-09-22,2025-10-26,35.0,5.0,3.0,75755.0,268.0,25251.67,89.33,29020.0,2025-10-20~2025-10-26,1.0,1.0,-0.223,0.0,0.0,False,上映中,2023-02-06,2025-10-29 14:03:59,1.0,9366774.0,862.0,669055.29
24046,寶可噩夢,Beau Is Afraid,美國,限制級,2023-04-21,薩摩亞商雄讚股份有限公司台灣分公司,,亞瑞阿斯特,瓦昆菲尼克斯; 帕可兒波茜; 奈森連恩; 哈莉絲奎爾斯; 艾美萊恩; Richard Kind; 柔伊利斯特瓊斯; Michael Gandolfini; Patti LuPone; Kylie Rogers; 丹尼斯曼努奇; 阿爾緬納哈普蒂安; 史蒂芬亨德森; Julia Antonelli; Theodore Pellerin,24046_寶可噩夢.csv,寶可噩夢,2.0,True,2025-09-15,2025-10-19,35.0,5.0,3.0,41773.0,153.0,13924.33,51.0,17173.0,2025-09-29~2025-10-05,1.0,1.0,0.285,0.0,0.0,False,上映中,2023-04-24,2025-10-29 14:03:59,1.0,1046489.0,834.0,174414.83
24086,Fishmans,The Fishmans Movie,日本,普遍級,2023-04-21,造次文化有限公司,,,,24086_Fishmans.csv,Fishmans,1.0,False,2023-04-24,2023-06-04,42.0,6.0,6.0,293475.0,1194.0,48912.5,199.0,177625.0,2023-04-24~2023-04-30,8.0,4.33,-0.539,-0.275,0.042,False,下檔,2023-04-24,2025-10-29 14:03:59,0.0,0.0,0.0,0.0
25044,之前的我們,PAST LIVES,美國,普遍級,2023-07-28,車庫娛樂股份有限公司,,席琳宋,劉台午; 約翰馬加羅; 葛麗塔李,25044_之前的我們.csv,之前的我們,3.0,True,2025-09-22,2025-10-19,28.0,4.0,2.0,153892.0,522.0,76946.0,261.0,97976.0,2025-09-22~2025-09-28,1.0,1.0,-0.429,0.0,0.0,False,上映中,2023-07-31,2025-10-29 14:03:59,2.0,7689129.0,211.0,349621.19
25045,鬼手鬼手 請開口,Talk to Me,英國,輔15級,2023-08-11,薩摩亞商雄讚股份有限公司台灣分公司,,麥可菲利浦; 丹尼菲利普,蘇菲魏爾德; 柔伊泰拉克斯; 喬伯德; 克里斯阿洛西奧,25045_鬼手鬼手 請開口.csv,鬼手鬼手 請開口,3.0,True,2025-09-15,2025-10-12,28.0,4.0,3.0,44381.0,158.0,14793.67,52.67,16671.0,2025-09-15~2025-09-21,1.0,1.0,-0.136,-0.025,-0.076,False,下檔,2023-08-14,2025-10-29 14:03:59,2.0,4515713.0,652.0,323871.73
26305,夢行者保羅,DREAM SCENARIO,美國,輔12級,2023-12-04,車庫娛樂股份有限公司,,克里斯多佛博格利,麥可塞拉; 狄倫貝克; 尼可拉斯凱吉; 茱莉安娜妮克遜,26305_夢行者保羅.csv,夢行者保羅,2.0,True,2025-09-15,2025-10-19,35.0,5.0,3.0,41074.0,153.0,13691.33,51.0,18000.0,2025-09-29~2025-10-05,1.0,1.0,0.766,0.0,0.0,False,上映中,2023-12-04,2025-10-29 14:03:59,1.0,2743366.0,603.0,391909.43
26439,鬼才之道,Dead Talents Society,中華民國,輔12級,2024-08-07,牽猴子股份有限公司,,徐漢強,百白; 陳柏霖; 張榕容; 王淨; 曾威豪; 姚以緹,26439_鬼才之道.csv,鬼才之道,2.0,True,2025-08-11,2025-09-07,28.0,4.0,2.0,64800.0,288.0,32400.0,144.0,47200.0,2025-09-01~2025-09-07,2.0,1.5,1.682,0.0,0.0,False,下檔,2024-08-12,2025-10-29 14:03:59,1.0,46180628.0,155.0,1649308.14
26514,紅豬,Porco Rosso,日本,普遍級,2024-01-01,香港商甲上娛樂有限公司台灣分公司,,宮崎駿,岡村明美; 上條恆彥; 桂三枝; 森山周一郎; 加藤登紀子,26514_紅豬.csv,紅豬,2.0,True,2025-09-01,2025-10-19,49.0,7.0,7.0,11458379.0,42785.0,1636911.29,6112.14,6081169.0,2025-09-01~2025-09-07,88.0,55.57,-0.427,-0.575,-0.882,False,上映中,2024-10-14,2025-10-29 14:03:59,1.0,105460.0,281.0,26365.0
26625,貓王與我,PRISCILLA,美國,保護級,2024-01-26,車庫娛樂股份有限公司,,蘇菲亞柯波拉,卡莉史派妮; 雅各艾洛迪,26625_貓王與我.csv,貓王與我,1.0,False,2024-01-29,2024-03-03,35.0,5.0,5.0,278141.0,1169.0,55628.2,233.8,243296.0,2024-01-29~2024-02-04,63.0,19.2,-0.884,-0.656,-0.57,False,下檔,2024-01-29,2025-10-29 14:03:59,0.0,0.0,0.0,0.0
26779,夢想集中營,THE ZONE OF INTEREST,英國,保護級,2024-02-23,車庫娛樂股份有限公司,,強納森葛雷瑟,桑德拉惠勒; 克里斯欽佛里德,26779_夢想集中營.csv,夢想集中營,1.0,False,2024-02-26,2024-04-28,63.0,9.0,9.0,2349460.0,9285.0,261051.11,1031.67,1033328.0,2024-02-26~2024-03-03,61.0,24.22,-0.502,-0.439,-0.866,False,下檔,2024-02-26,2025-10-29 14:04:00,0.0,0.0,0.0,0.0
27106,河鰻,EEL,中華民國,輔15級,2025-10-03,底噪影像有限公司,,朱駿騰,柯泯薰; 潘綱大,27106_河鰻.csv,,,,,,,,,,,,,,,,,,,,,,,,,,,
27343,帝國浩劫：美國內戰,CIVIL WAR,美國,輔15級,2024-04-29,車庫娛樂股份有限公司,,艾力克斯嘉蘭,華格納莫拉; 卡莉史派妮; 尼克奧佛曼; 克絲汀鄧斯特; 史蒂芬亨德森,27343_帝國浩劫：美國內戰.csv,帝國浩劫：美國內戰,2.0,True,2025-09-15,2025-10-19,35.0,5.0,3.0,38762.0,139.0,12920.67,46.33,13620.0,2025-10-13~2025-10-19,1.0,1.0,0.181,0.0,0.0,False,上映中,2024-04-29,2025-10-29 14:04:00,1.0,22573750.0,435.0,2257375.0
27899,96分鐘,96 MINUTES,中華民國,輔12級,2025-09-05,華影國際影藝有限公司,,洪子烜,林柏宏; 王柏傑; 宋芸樺; 李李仁,27899_96分鐘.csv,96分鐘,1.0,False,2025-09-08,2025-10-26,49.0,7.0,7.0,178021771.0,640838.0,25431681.57,91548.29,39730790.0,2025-09-15~2025-09-21,94.0,93.0,0.019,0.022,-0.127,False,上映中,2025-09-08,2025-10-29 14:04:00,0.0,0.0,0.0,0.0
29081,粗獷派建築師,THE BRUTALIST,美國,輔12級,2025-02-27,美商美國環球影片股份有限公司台灣分公司,,布拉迪科貝特,費莉絲蒂瓊斯; 喬歐文; 史黛西馬汀; 亞歷桑德羅尼沃拉; 安卓亞布洛迪; 拉菲卡西迪; 蓋皮爾斯,29081_粗獷派建築師.csv,粗獷派建築師,1.0,False,2025-03-03,2025-06-01,91.0,13.0,12.0,4764956.0,16669.0,397079.67,1389.08,2059465.0,2025-03-03~2025-03-09,41.0,14.83,-0.446,-0.291,0.0,True,下檔,2025-03-03,2025-10-29 14:04:00,0.0,0.0,0.0,0.0
29111,台灣超人,Taiwan Unsung Hero,中華民國,普遍級,2024-12-06,牽猴子股份有限公司,,曲全立,,29111_台灣超人.csv,台灣超人,1.0,False,2024-12-09,2025-10-19,315.0,45.0,39.0,25818694.0,108324.0,662017.79,2777.54,2680018.0,2025-01-13~2025-01-19,70.0,17.26,-0.329,2.14,0.0,True,上映中,2024-12-09,2025-10-29 14:04:00,0.0,0.0,0.0,0.0
29378,我家的事,Family Matters,中華民國,保護級,2025-09-12,酷映有影工作室有限公司,,潘客印,曾敬驊; 高伊玲; 藍葦華; 黃珮琪,29378_我家的事.csv,我家的事,1.0,False,2025-09-15,2025-10-26,42.0,6.0,6.0,7258025.0,28256.0,1209670.83,4709.33,3264678.0,2025-09-15~2025-09-21,66.0,45.83,-0.534,-0.342,-0.694,False,上映中,2025-09-15,2025-10-29 14:04:00,0.0,0.0,0.0,0.0
29380,失明,Blind Love,中華民國,輔15級,2025-09-19,周子娛樂有限公司,,周美豫,王渝萱; 李銘忠; 吳可熙; 林依晨; 劉敬; 李沐,29380_失明.csv,失明,1.0,False,2025-09-22,2025-10-26,35.0,5.0,5.0,1197641.0,4733.0,239528.2,946.6,796644.0,2025-09-22~2025-09-28,71.0,29.0,-0.585,-0.683,-0.838,False,上映中,2025-09-22,2025-10-29 14:04:00,0.0,0.0,0.0,0.0
29513,異教詭屋,HERETIC,美國,輔15級,2024-11-29,車庫娛樂股份有限公司,,布萊恩伍茲; 史考特貝克,休葛蘭; 蘇菲柴契爾; 克洛伊伊絲特,29513_異教詭屋.csv,異教詭屋,2.0,True,2025-09-15,2025-10-19,35.0,5.0,3.0,45506.0,160.0,15168.67,53.33,16960.0,2025-10-13~2025-10-19,1.0,1.0,-0.061,0.0,0.0,False,上映中,2024-12-02,2025-10-29 14:04:00,1.0,2448230.0,239.0,349747.14
29611,交換禮物,DEAR  BLACK SHEEP,中華民國,普遍級,2024-12-25,台北双喜電影發行股份有限公司,,林明謙,曾寶儀,29611_交換禮物.csv,交換禮物,1.0,False,2024-12-30,2025-10-26,301.0,43.0,39.0,7232556.0,29322.0,185450.15,751.85,1470683.0,2024-12-30~2025-01-05,54.0,8.46,-0.342,0.133,0.0,True,上映中,2024-12-30,2025-10-29 14:04:00,0.0,0.0,0.0,0.0
29653,劇場版「進擊的巨人」完結篇THE LAST ATTACK,Attack on Titan: THE LAST ATTACK,日本,輔12級,2025-01-03,木棉花國際股份有限公司,,,,29653_劇場版「進擊的巨人」完結篇THE LAST ATTACK.csv,劇場版「進擊的巨人」完結篇THE LAST ATTACK,1.0,False,2025-01-06,2025-05-18,133.0,19.0,19.0,122276604.0,396260.0,6435610.74,20855.79,23638904.0,2025-01-06~2025-01-12,86.0,49.0,-0.137,-0.114,-0.701,True,下檔,2025-01-06,2025-10-29 14:04:00,0.0,0.0,0.0,0.0
29831,乖女孩,BABY GIRL,美國,限制級,2025-01-17,車庫娛樂股份有限公司,,哈琳娜瑞金,蘇菲魏爾德; 安東尼奧班德拉斯; 哈里斯迪金森; 妮可基嫚,29831_乖女孩.csv,乖女孩,2.0,True,2025-09-22,2025-10-19,28.0,4.0,3.0,52527.0,189.0,17509.0,63.0,20190.0,2025-10-13~2025-10-19,1.0,1.0,-0.351,-0.117,0.0,False,上映中,2025-01-20,2025-10-29 14:04:00,1.0,3760634.0,190.0,470079.25
29882,進行曲,Marching Boys,中華民國,普遍級,2025-08-29,華映國際文創股份有限公司,,姜瑞智,余杰恩; 劉育仁; 黃迪揚; 馬志翔; 李李仁; 牧森,29882_進行曲.csv,進行曲,1.0,False,2025-09-01,2025-10-26,56.0,8.0,8.0,7229873.0,28416.0,903734.12,3552.0,2440679.0,2025-09-01~2025-09-07,81.0,36.0,-0.162,-0.216,-0.322,False,上映中,2025-09-01,2025-10-29 14:04:00,0.0,0.0,0.0,0.0
30021,辛辛監獄劇團,Sing Sing,美國,保護級,2025-02-21,薩摩亞商雄讚股份有限公司台灣分公司,,格雷格克韋達,克拉倫斯麥克林; 科爾曼多明哥; 西恩聖荷西,30021_辛辛監獄劇團.csv,辛辛監獄劇團,1.0,False,2025-09-15,2025-10-19,35.0,5.0,3.0,62087.0,230.0,20695.67,76.67,27960.0,2025-09-15~2025-09-21,1.0,1.0,-0.423,0.0,0.0,False,上映中,2025-09-15,2025-10-29 14:04:00,0.0,0.0,0.0,0.0
30062,鬼吹簫,THE PIPER,美國,輔12級,2025-10-09,車庫娛樂股份有限公司,,埃林格爾托羅森,朱利安山德斯; 夏綠蒂霍普,30062_鬼吹簫.csv,,,,,,,,,,,,,,,,,,,,,,,,,,,
30091,大濛,A Foggy Tale,中華民國,保護級,2025-10-08,華文創股份有限公司,,,,30091_大濛.csv,,,,,,,,,,,,,,,,,,,,,,,,,,,
30155,QUEER,QUEER,美國,限制級,2025-03-21,采昌國際多媒體股份有限公司,,盧卡格達戈尼諾,德魯史塔基; 丹尼爾克雷格; 蕾絲莉蔓薇爾,30155_QUEER.csv,QUEER,1.0,False,2025-03-24,2025-05-11,49.0,7.0,7.0,1188680.0,4777.0,169811.43,682.43,715372.0,2025-03-24~2025-03-30,28.0,10.86,-0.619,-0.35,-0.086,False,下檔,2025-03-24,2025-10-29 14:04:00,0.0,0.0,0.0,0.0
30366,取精急轉彎,Spermageddon,挪威,輔15級,2025-04-25,原創娛樂股份有限公司,,雷斯穆斯a席維特森; 湯姆維爾科拉,克里斯蒂安弗雷德里克米克爾森; 雅斯肯尼; 娜絲琳庫斯拉維,30366_取精急轉彎.csv,取精急轉彎,1.0,False,2025-04-28,2025-06-22,56.0,8.0,8.0,7431564.0,27325.0,928945.5,3415.62,4519567.0,2025-04-28~2025-05-04,53.0,25.62,-0.628,-0.652,-0.76,False,下檔,2025-04-28,2025-10-29 14:04:00,0.0,0.0,0.0,0.0
30436,泣聲驚魂,The Wailing,西班牙,輔15級,2025-05-09,原創娛樂股份有限公司,,佩德羅馬丁卡萊羅,瑪萊娜比利亞; 伊絲特伊克斯波席多; 瑪蒂爾德奧利維,30436_泣聲驚魂.csv,,,,,,,,,,,,,,,,,,,,,,,,,,,
30497,沈睡的水下巨人,SHIPWRECKS TAIWAN,中華民國,普遍級,2025-04-25,牽猴子股份有限公司,,李景白; 李景白; 李景白,,30497_沈睡的水下巨人.csv,沈睡的水下巨人,1.0,False,2025-04-28,2025-07-06,70.0,10.0,10.0,2011708.0,8087.0,201170.8,808.7,1034306.0,2025-04-28~2025-05-04,30.0,10.5,-0.623,4.379,-0.416,False,下檔,2025-04-28,2025-10-29 14:04:00,0.0,0.0,0.0,0.0
30530,守護我們的星球,Guardians of our planet,中華民國,普遍級,2025-05-23,牽猴子股份有限公司,,舒夢蘭,,30530_守護我們的星球.csv,守護我們的星球,1.0,False,2025-05-26,2025-10-26,154.0,22.0,21.0,6984784.0,28344.0,332608.76,1349.71,887446.0,2025-06-02~2025-06-08,37.0,11.19,0.187,0.794,-0.831,True,上映中,2025-05-26,2025-10-29 14:04:00,0.0,0.0,0.0,0.0
30560,長椅小情歌,AT THE BENCH,日本,普遍級,2025-07-18,光年映畫有限公司,,奧山由之,廣瀨鈴; 草彅剛; 吉岡里帆; 仲野太賀; 神木隆之介,30560_長椅小情歌.csv,長椅小情歌,1.0,False,2025-07-21,2025-10-26,98.0,14.0,14.0,1750310.0,7217.0,125022.14,515.5,504818.0,2025-07-21~2025-07-27,23.0,5.93,-0.165,-0.175,-0.514,True,上映中,2025-07-21,2025-10-29 14:04:00,0.0,0.0,0.0,0.0
30636,怪譚搜索,BLOAT,美國,輔12級,2025-06-06,原創娛樂股份有限公司,,帕普蘿艾森圖,班傑明麥肯錫; 索耶瓊斯; 寶珍娜諾娃柯維克; 小杉健,30636_怪譚搜索.csv,怪譚搜索,1.0,False,2025-06-09,2025-07-06,28.0,4.0,4.0,69334.0,268.0,17333.5,67.0,64214.0,2025-06-09~2025-06-15,22.0,6.75,-0.954,-0.564,-0.569,False,下檔,2025-06-09,2025-10-29 14:04:00,0.0,0.0,0.0,0.0
30655,ATEEZ WORLD TOUR [TOWARDS THE LIGHT：WILL TO POWER] IN CINEMAS,ATEEZ WORLD TOUR [TOWARDS THE LIGHT：WILL TO POWER] IN CINEMAS,韓國,普遍級,2025-05-09,采昌國際多媒體股份有限公司,,,,30655_ATEEZ WORLD TOUR [TOWARDS THE LIGHT：WILL TO POWER] IN CINEMAS.csv,ATEEZ WORLD TOUR [TOWARDS THE LIGHT：WILL TO POWER] IN CINEMAS,2.0,True,2025-09-15,2025-10-12,28.0,4.0,2.0,151500.0,242.0,75750.0,121.0,82500.0,2025-09-15~2025-09-21,1.0,1.0,-0.164,0.0,0.0,False,下檔,2025-05-12,2025-10-29 14:04:00,1.0,4498120.0,64.0,642588.57
30676,我們意外的勇氣,Unexpected Courage,中華民國,普遍級,2025-10-02,華文創股份有限公司,,,,30676_我們意外的勇氣.csv,,,,,,,,,,,,,,,,,,,,,,,,,,,
30699,此刻的我們,We Live In Time,美國,輔12級,2025-05-16,英屬蓋曼群島商威望國際娛樂股份有限公司台灣分公司,,約翰克勞利,安德魯加菲爾德; 佛蘿倫絲普伊,30699_此刻的我們.csv,此刻的我們,1.0,False,2025-05-19,2025-06-15,28.0,4.0,4.0,240013.0,971.0,60003.25,242.75,165783.0,2025-05-19~2025-05-25,20.0,9.75,-0.691,-0.47,-0.532,False,下檔,2025-05-19,2025-10-29 14:04:00,0.0,0.0,0.0,0.0
30704,造山者－世紀的賭注,A Chip Odyssey,中華民國,普遍級,2025-06-13,視納華仁文化傳播股份有限公司,,蕭菊貞,,30704_造山者－世紀的賭注.csv,造山者－世紀的賭注,1.0,False,2025-06-16,2025-10-26,133.0,19.0,19.0,29012911.0,116609.0,1526995.32,6137.32,3858264.0,2025-06-23~2025-06-29,59.0,27.21,0.06,-0.086,-0.401,True,上映中,2025-06-16,2025-10-29 14:04:00,0.0,0.0,0.0,0.0
30717,馴龍高手,HOW TO TRAIN YOUR DRAGON,美國,普遍級,2025-06-07,美商美國環球影片股份有限公司台灣分公司,,迪恩戴布洛伊,梅森塔姆斯; 妮可帕克; 傑瑞德巴特勒,30717_馴龍高手.csv,馴龍高手,1.0,False,2025-06-09,2025-10-26,140.0,20.0,20.0,130720037.0,435429.0,6536001.85,21771.45,36493327.0,2025-06-16~2025-06-22,95.0,38.05,0.057,2.219,7.589,True,上映中,2025-06-09,2025-10-29 14:04:00,0.0,0.0,0.0,0.0
30738,星際寶貝：史迪奇,Lilo & Stitch,美國,保護級,2025-05-22,台灣華特迪士尼股份有限公司,,狄恩弗萊捨坎普,比利馬格努森; 查克葛里芬納奇; 瑪雅基羅哈; 克里斯桑德斯; 席妮奧古東,30738_星際寶貝：史迪奇.csv,星際寶貝：史迪奇,1.0,False,2025-05-26,2025-10-19,147.0,21.0,20.0,75921984.0,280450.0,3796099.2,14022.5,31225707.0,2025-05-26~2025-06-01,95.0,32.45,-0.414,-0.228,-0.696,True,上映中,2025-05-26,2025-10-29 14:04:00,0.0,0.0,0.0,0.0
30739,不可能的任務：最終清算,MISSION: IMPOSSIBLE -THE FINAL RECKONING,美國,輔12級,2025-05-17,美商美國派拉蒙影片股份有限公司台灣分公司,,克里斯多弗麥奎里,龐克萊門捷夫; 海莉艾特沃; 湯姆克魯斯; 賽門佩格,30739_不可能的任務：最終清算.csv,不可能的任務：最終清算,1.0,False,2025-05-19,2025-10-26,161.0,23.0,23.0,380988305.0,1233179.0,16564708.91,53616.48,132919944.0,2025-05-19~2025-05-25,95.0,41.3,-0.212,-0.174,-0.442,True,上映中,2025-05-19,2025-10-29 14:04:00,0.0,0.0,0.0,0.0
30808,滿血復活,BRING HER BACK,美國,限制級,2025-05-27,美商台灣索尼影業發行股份有限公司台灣分公司,,麥可菲利浦; 丹尼菲利普,莎莉霍金斯,30808_滿血復活.csv,滿血復活,2.0,True,2025-09-15,2025-10-26,42.0,6.0,3.0,45802.0,160.0,15267.33,53.33,19160.0,2025-10-20~2025-10-26,1.0,1.0,-0.355,0.0,0.0,False,上映中,2025-06-02,2025-10-29 14:04:00,1.0,2892113.0,29.0,289211.3
30809,名偵探柯南 獨眼的殘像,Detective Conan The Movie: One-Eyed Flashback,日本,保護級,2025-06-25,普威爾國際股份有限公司,,,,30809_名偵探柯南 獨眼的殘像.csv,名偵探柯南 獨眼的殘像,1.0,False,2025-06-30,2025-10-26,119.0,17.0,17.0,143213908.0,519667.0,8424347.53,30568.65,56906148.0,2025-06-30~2025-07-06,97.0,46.76,-0.45,-0.091,-0.489,True,上映中,2025-06-30,2025-10-29 14:04:00,0.0,0.0,0.0,0.0
30863,我家妹妹不准嫁,Will You Marry Monk?,泰國,輔12級,2025-06-06,仲業股份有限公司,,沃拉武塔溫威西瓦特; 翁加特切姆查倫波恩庫爾; 維拉瓦查約柴孔,鄭壹飛; 可恩娜帕瑟塔拉達那彭; 亞瑞克阿莫蘇帕西瑞,30863_我家妹妹不准嫁.csv,,,,,,,,,,,,,,,,,,,,,,,,,,,
30864,世界就是這樣結束的,The End,英國,輔12級,2025-10-09,東昊影業有限公司,,約書亞奧本海默,蒂妲絲雲頓; 喬治麥凱; tim mcinnerny; 麥可夏儂,30864_世界就是這樣結束的.csv,,,,,,,,,,,,,,,,,,,,,,,,,,,
30960,28年毀滅倒數,28 YEARS LATER,美國,限制級,2025-06-17,美商台灣索尼影業發行股份有限公司台灣分公司,,丹尼鮑伊,阿爾菲威廉斯; 雷夫范恩斯; 亞倫泰勒強森; 茱蒂康默,30960_28年毀滅倒數.csv,28年毀滅倒數,2.0,True,2025-09-15,2025-10-12,28.0,4.0,4.0,114850.0,939.0,28712.5,234.75,51875.0,2025-09-29~2025-10-05,2.0,1.75,2.213,0.543,-0.618,False,下檔,2025-06-23,2025-10-29 14:04:00,1.0,8559988.0,29.0,1069998.5
31027,F1電影,F1,美國,保護級,2025-06-24,美商華納兄弟（遠東）股份有限公司台灣分公司,,喬瑟夫柯辛斯基,凱莉肯頓; 哈維爾巴登; 達姆森伊卓瑞斯; 布萊德彼特,31027_F1電影.csv,F1電影,1.0,False,2025-06-30,2025-10-26,119.0,17.0,17.0,495669826.0,1532434.0,29157048.59,90143.18,96016586.0,2025-06-30~2025-07-06,95.0,74.47,-0.135,-0.239,-0.2,True,上映中,2025-06-30,2025-10-29 14:04:00,0.0,0.0,0.0,0.0
31037,暗影部隊,SHADOW FORCE,美國,輔12級,2025-10-03,車庫娛樂股份有限公司,,喬卡納漢,馬克史壯; 歐馬希; 凱莉華盛頓,31037_暗影部隊.csv,,,,,,,,,,,,,,,,,,,,,,,,,,,
31082,地球特派員,ELIO,美國,普遍級,2025-07-02,台灣華特迪士尼股份有限公司,,石之予; 瑪德琳夏拉菲安; 阿德里安莫里納,雪莉韓德森; 柔伊莎達娜; 瑞蜜艾格莉; 賈米拉賈米爾; 布萊德嘉瑞特; 尤納斯基布里布,31082_地球特派員.csv,地球特派員,1.0,False,2025-07-07,2025-10-26,112.0,16.0,16.0,36490447.0,140981.0,2280652.94,8811.31,12229929.0,2025-07-14~2025-07-20,91.0,35.25,0.04,12.328,0.055,True,上映中,2025-07-07,2025-10-29 14:04:00,0.0,0.0,0.0,0.0
31123,侏羅紀世界：重生,JURASSIC WORLD REBIRTH,美國,保護級,2025-07-01,美商美國環球影片股份有限公司台灣分公司,,蓋瑞斯愛德華,喬納森拜利; 馬奴賈西亞魯爾福; 魯柏佛蘭德; 馬赫夏拉阿里; 史嘉蕾喬韓森,31123_侏羅紀世界：重生.csv,侏羅紀世界：重生,1.0,False,2025-07-07,2025-10-26,112.0,16.0,16.0,189330332.0,675689.0,11833145.75,42230.56,83206320.0,2025-07-07~2025-07-13,94.0,47.06,-0.433,-0.266,-0.243,True,上映中,2025-07-07,2025-10-29 14:04:00,0.0,0.0,0.0,0.0
31128,窒友梅根 2.0,M3GAN 2.0,美國,輔15級,2025-06-27,美商美國環球影片股份有限公司台灣分公司,,傑拉德約翰史東,愛莉森威廉絲; 艾蜜唐納德; 伊凡娜莎克諾; 珍娜戴維斯; 任范愛普斯; 維奧萊麥克羅,31128_窒友梅根 2.0.csv,窒友梅根 2.0,2.0,True,2025-09-08,2025-10-12,35.0,5.0,5.0,87265.0,808.0,17453.0,161.6,40305.0,2025-09-15~2025-09-21,2.0,1.4,1.259,-0.12,-0.675,False,下檔,2025-06-30,2025-10-29 14:04:00,1.0,7296069.0,22.0,1042295.57
31158,黑白線人,Yadang: The Snitch,韓國,限制級,2025-09-05,可樂藝術文創股份有限公司,,黃炳國,姜河那; 朴海俊; 柳海真,31158_黑白線人.csv,黑白線人,1.0,False,2025-09-08,2025-10-05,28.0,4.0,4.0,661819.0,2528.0,165454.75,632.0,503703.0,2025-09-08~2025-09-14,38.0,20.0,-0.722,-0.601,-0.876,False,下檔,2025-09-08,2025-10-29 14:04:00,0.0,0.0,0.0,0.0
31159,皇家保姆亞瑟,OUT OF THE NEST,泰國,普遍級,2025-10-03,可樂藝術文創股份有限公司,,阿圖羅a赫南德茲; 安德魯戈登; 維拉帕特拉吉​​納納溫; 傑夫舒,,31159_皇家保姆亞瑟.csv,,,,,,,,,,,,,,,,,,,,,,,,,,,
31186,超人,SUPERMAN,美國,保護級,2025-07-08,美商華納兄弟（遠東）股份有限公司台灣分公司,,詹姆斯岡恩,瑪麗亞加布里埃拉法里亞; 大衛科倫斯韋; 艾迪蓋瑟吉; 尼可拉斯霍特; 伊莎貝拉莫娜; 瑞秋布羅斯納漢,31186_超人.csv,超人,1.0,False,2025-07-14,2025-10-26,105.0,15.0,14.0,48114762.0,168334.0,3436768.71,12023.86,27826177.0,2025-07-14~2025-07-20,95.0,35.07,-0.611,-0.435,-0.235,True,上映中,2025-07-14,2025-10-29 14:04:00,0.0,0.0,0.0,0.0
31190,電影哆啦A夢：大雄的繪畫世界物語,DORAEMON THE MOVIE: NOBITA'S ART WORLD TALES,日本,普遍級,2025-07-18,車庫娛樂股份有限公司,,,,31190_電影哆啦A夢：大雄的繪畫世界物語.csv,電影哆啦A夢：大雄的繪畫世界物語,1.0,False,2025-07-21,2025-10-26,98.0,14.0,14.0,45356659.0,176110.0,3239761.36,12579.29,13994814.0,2025-07-21~2025-07-27,86.0,42.57,-0.207,-0.228,0.973,True,上映中,2025-07-21,2025-10-29 14:04:00,0.0,0.0,0.0,0.0
31191,病毒,VIRUS,韓國,保護級,2025-09-19,車庫娛樂股份有限公司,,姜利官,金倫奭; 裴斗娜; 孫錫求,31191_病毒.csv,,,,,,,,,,,,,,,,,,,,,,,,,,,
31201,壞蛋聯盟 2,THE BAD GUYS 2,美國,保護級,2025-07-26,美商美國環球影片股份有限公司台灣分公司,,皮埃爾佩里費爾,馬克馬隆; 安東尼拉莫斯; 山姆洛克威爾; 克雷格羅賓森; 奧卡菲娜,31201_壞蛋聯盟 2.csv,壞蛋聯盟 2,1.0,False,2025-07-28,2025-10-26,91.0,13.0,12.0,17377997.0,67698.0,1448166.42,5641.5,5426184.0,2025-08-04~2025-08-10,91.0,35.75,0.072,8.548,1.541,True,上映中,2025-07-28,2025-10-29 14:04:00,0.0,0.0,0.0,0.0
31222,與達賴喇嘛談心：尋找幸福的智慧,Wisdom of Happiness,瑞士,保護級,2025-07-20,海鵬影業有限公司,,,,31222_與達賴喇嘛談心：尋找幸福的智慧.csv,,,,,,,,,,,,,,,,,,,,,,,,,,,
31251,藍色小精靈大電影,SMURFS,美國,普遍級,2025-07-18,美商美國派拉蒙影片股份有限公司台灣分公司,,馬特蘭登; 克里斯米勒,約翰古德曼; 娜塔莎諾伊尼; 寇特羅素; 詹姆斯柯登; 蕾哈娜; 漢娜沃丁厄姆,31251_藍色小精靈大電影.csv,藍色小精靈大電影,1.0,False,2025-07-21,2025-09-07,49.0,7.0,7.0,2548896.0,10104.0,364128.0,1443.43,1430238.0,2025-07-21~2025-07-27,82.0,29.86,-0.473,-0.284,-0.917,False,下檔,2025-07-21,2025-10-29 14:04:00,0.0,0.0,0.0,0.0
31301,我在荒野做了一場夢,Seven Ages of a Man,中華民國,普遍級,2025-08-22,牽猴子股份有限公司,,沈可尚,徐仁修; 徐仁修,31301_我在荒野做了一場夢.csv,我在荒野做了一場夢,1.0,False,2025-08-25,2025-10-26,63.0,9.0,9.0,2829261.0,11731.0,314362.33,1303.44,611002.0,2025-08-25~2025-08-31,23.0,11.67,-0.003,-0.218,-0.475,False,上映中,2025-08-25,2025-10-29 14:04:00,0.0,0.0,0.0,0.0
31305,世紀編舞大師,Cranko (John Cranko),德國,輔12級,2025-09-05,聯影企業股份有限公司,,約阿希姆朗; 約阿希姆朗,山姆萊利,31305_世紀編舞大師.csv,世紀編舞大師,1.0,False,2025-09-08,2025-10-26,49.0,7.0,7.0,187494.0,902.0,26784.86,128.86,107319.0,2025-09-08~2025-09-14,12.0,3.71,-0.659,-0.162,0.307,False,上映中,2025-09-08,2025-10-29 14:04:00,0.0,0.0,0.0,0.0
31329,全知讀者視角,Omniscient Reader,韓國,輔12級,2025-07-21,采昌國際多媒體股份有限公司,,金秉祐,蔡秀彬; 林珍娜; 安孝燮; 李敏鎬; 金智秀; 申承浩,31329_全知讀者視角.csv,全知讀者視角,1.0,False,2025-07-21,2025-10-26,98.0,14.0,13.0,78361652.0,285027.0,6027819.38,21925.15,30799172.0,2025-07-21~2025-07-27,96.0,44.38,-0.232,-0.192,2.688,True,上映中,2025-07-21,2025-10-29 14:04:00,0.0,0.0,0.0,0.0
31352,驚奇4超人：第一步,The Fantastic Four: First Steps,美國,保護級,2025-07-23,台灣華特迪士尼股份有限公司,,麥特夏克曼,凡妮莎寇比; 艾邦摩斯貝克許; 喬瑟夫昆恩; 佩德羅帕斯卡,31352_驚奇4超人：第一步.csv,驚奇4超人：第一步,1.0,False,2025-07-28,2025-10-26,91.0,13.0,11.0,33447176.0,116567.0,3040652.36,10597.0,20373334.0,2025-07-28~2025-08-03,93.0,37.64,-0.619,10.825,0.671,True,上映中,2025-07-28,2025-10-29 14:04:00,0.0,0.0,0.0,0.0
31355,電影蠟筆小新：超華麗！灼熱的春日部舞者們,CRAYON SHINCHAN THE MOVIE: SUPER HOT! THE SPICY KASUKABE DANCERS,日本,普遍級,2025-08-22,車庫娛樂股份有限公司,,,,31355_電影蠟筆小新：超華麗！灼熱的春日部舞者們.csv,電影蠟筆小新：超華麗！灼熱的春日部舞者們,1.0,False,2025-08-25,2025-10-26,63.0,9.0,9.0,34586826.0,130689.0,3842980.67,14521.0,21110142.0,2025-08-25~2025-08-31,86.0,58.56,-0.74,-0.289,0.243,False,上映中,2025-08-25,2025-10-29 14:04:00,0.0,0.0,0.0,0.0
31364,凶器,WEAPONS,美國,限制級,2025-08-08,美商華納兄弟（遠東）股份有限公司台灣分公司,,札克克瑞格,黃凱旋; 艾美麥蒂根; 朱莉亞嘉納; 喬許布洛林,31364_凶器.csv,凶器,1.0,False,2025-08-11,2025-10-19,70.0,10.0,10.0,24729657.0,89217.0,2472965.7,8921.7,10192343.0,2025-08-11~2025-08-17,82.0,38.5,-0.192,1.823,-0.47,False,上映中,2025-08-11,2025-10-29 14:04:00,0.0,0.0,0.0,0.0
31365,劇場版「鬼滅之刃」無限城篇 第一章 猗窩座再襲,Demon Slayer：Kimetsu no Yaiba Infinity Castle,日本,輔12級,2025-08-06,木棉花國際股份有限公司,,,,31365_劇場版「鬼滅之刃」無限城篇 第一章 猗窩座再襲.csv,劇場版「鬼滅之刃」無限城篇 第一章 猗窩座再襲,1.0,False,2025-08-11,2025-10-26,77.0,11.0,11.0,648538675.0,2001208.0,58958061.36,181928.0,233117423.0,2025-08-11~2025-08-17,98.0,94.73,-0.349,-0.242,-0.075,True,上映中,2025-08-11,2025-10-29 14:04:00,0.0,0.0,0.0,0.0
31402,天作之合,MATERIALISTS,美國,普遍級,2025-08-23,美商台灣索尼影業發行股份有限公司台灣分公司,,席琳宋,克里斯伊凡; 達柯塔強生; 佩德羅帕斯卡,31402_天作之合.csv,天作之合,1.0,False,2025-08-25,2025-10-26,63.0,9.0,9.0,12649513.0,45841.0,1405501.44,5093.44,4523100.0,2025-09-01~2025-09-07,88.0,43.0,0.135,5.637,-0.6,False,上映中,2025-08-25,2025-10-29 14:04:00,0.0,0.0,0.0,0.0
31474,角頭－鬥陣欸,GATAO: Big Brothers,中華民國,限制級,2025-08-21,威視股份有限公司,,姚宏易; 姜瑞智,高捷; 夏靖庭; 蔡振南; 太保; 龍天翔; 喜翔; 王識賢,31474_角頭－鬥陣欸.csv,角頭－鬥陣欸,1.0,False,2025-08-25,2025-10-26,63.0,9.0,9.0,111270070.0,406093.0,12363341.11,45121.44,62159840.0,2025-08-25~2025-08-31,96.0,67.89,-0.584,-0.498,-0.392,False,上映中,2025-08-25,2025-10-29 14:04:00,0.0,0.0,0.0,0.0
31502,怪奇寶貝,SKETCH,美國,保護級,2025-09-05,車庫娛樂股份有限公司,,賽斯沃利,妲西卡登; 凱隆考克斯; 比安卡貝爾; 托尼海爾; 庫勞倫斯,31502_怪奇寶貝.csv,怪奇寶貝,1.0,False,2025-09-08,2025-10-19,42.0,6.0,5.0,299081.0,1192.0,59816.2,238.4,254974.0,2025-09-08~2025-09-14,64.0,18.4,-0.881,-0.569,0.0,False,上映中,2025-09-08,2025-10-29 14:04:00,0.0,0.0,0.0,0.0
31507,一兆$遊戲　劇場版,Trillion Game the Movie,日本,保護級,2025-08-15,天馬行空數位有限公司,,,,31507_一兆$遊戲　劇場版.csv,一兆$遊戲　劇場版,1.0,False,2025-08-18,2025-10-26,70.0,10.0,9.0,871772.0,3427.0,96863.56,380.78,541411.0,2025-08-18~2025-08-24,24.0,7.56,-0.561,-0.277,0.903,False,上映中,2025-08-18,2025-10-29 14:04:00,0.0,0.0,0.0,0.0
31520,龍之心-靈界探訪記-,ドラゴン・ハート-霊界探訪記-,日本,輔12級,2025-08-30,台灣幸福科學出版有限公司,,今掛勇,深見梨加; 廣瀨千夏; 淺野真澄,31520_龍之心-靈界探訪記-.csv,龍之心-靈界探訪記-,1.0,False,2025-09-01,2025-10-26,56.0,8.0,8.0,4805056.0,21179.0,600632.0,2647.38,1463221.0,2025-09-15~2025-09-21,25.0,15.75,8.066,1.333,-0.629,False,上映中,2025-09-01,2025-10-29 14:04:00,0.0,0.0,0.0,0.0
31523,樂來越愛你,La La Land,英國,普遍級,2025-09-12,英屬蓋曼群島商威望國際娛樂股份有限公司台灣分公司,,,,31523_樂來越愛你.csv,樂來越愛你,1.0,False,2025-09-15,2025-10-26,42.0,6.0,6.0,2605066.0,7678.0,434177.67,1279.67,1872490.0,2025-09-15~2025-09-21,28.0,11.83,-0.739,-0.554,-0.427,False,上映中,2025-09-15,2025-10-29 14:04:00,0.0,0.0,0.0,0.0
31531,詭鄉,Eerie Hometown,中華民國,輔12級,2025-09-19,威視股份有限公司,,馬新語,初孟軒; 雷嘉汭; 張翰 (ii); 王滿嬌,31531_詭鄉.csv,詭鄉,1.0,False,2025-09-22,2025-10-19,28.0,4.0,4.0,1523439.0,5722.0,380859.75,1430.5,1061895.0,2025-09-22~2025-09-28,60.0,34.0,-0.635,-0.406,0.102,False,上映中,2025-09-22,2025-10-29 14:04:00,0.0,0.0,0.0,0.0
31541,熱烈,One and Only,中國大陸,普遍級,2025-09-13,恆星多媒體股份有限公司,,大鵬,王一博; 黃渤,31541_熱烈.csv,熱烈,1.0,False,2025-09-15,2025-10-26,42.0,6.0,6.0,1984297.0,7694.0,330716.17,1282.33,764525.0,2025-09-22~2025-09-28,7.0,6.17,15.509,2.156,-0.482,False,上映中,2025-09-15,2025-10-29 14:04:00,0.0,0.0,0.0,0.0
31547,辣媽辣妹2,Freakier Friday,美國,普遍級,2025-08-18,台灣華特迪士尼股份有限公司,,妮莎嘉娜卓,潔美李寇蒂斯; 茱利亞芭特絲; 查德麥可莫瑞; 索菲亞漢門斯; 琳賽蘿涵,31547_辣媽辣妹2.csv,辣媽辣妹2,1.0,False,2025-08-18,2025-10-12,56.0,8.0,8.0,9606265.0,35550.0,1200783.12,4443.75,3796318.0,2025-08-18~2025-08-24,81.0,41.88,-0.024,-0.488,-0.949,False,下檔,2025-08-18,2025-10-29 14:04:00,0.0,0.0,0.0,0.0
31570,無名指,My First of May,香港,普遍級,2025-09-19,華映國際文創股份有限公司,,孔令政,許恩怡; 郭富城; 梁詠琪; 譚耀文; 鮑起靜,31570_無名指.csv,無名指,1.0,False,2025-09-22,2025-10-26,35.0,5.0,4.0,479195.0,2001.0,119798.75,500.25,246675.0,2025-09-22~2025-09-28,59.0,22.25,-0.635,-0.247,0.059,False,上映中,2025-09-22,2025-10-29 14:04:00,0.0,0.0,0.0,0.0
31596,厲陰宅：最終聖事,The Conjuring：Last Rites,美國,輔15級,2025-09-03,美商華納兄弟（遠東）股份有限公司台灣分公司,,麥可查維斯,薇拉法蜜嘉; 派翠克威爾森,31596_厲陰宅：最終聖事.csv,厲陰宅：最終聖事,1.0,False,2025-09-08,2025-10-26,49.0,7.0,7.0,39822487.0,136628.0,5688926.71,19518.29,20459408.0,2025-09-08~2025-09-14,92.0,67.57,-0.522,-0.481,-0.606,False,上映中,2025-09-08,2025-10-29 14:04:00,0.0,0.0,0.0,0.0
31650,親愛的家人,DEAR FAMILY,日本,普遍級,2025-09-05,車庫娛樂股份有限公司,,月川翔,大泉洋; 菅野美穗; 福本莉子,31650_親愛的家人.csv,,,,,,,,,,,,,,,,,,,,,,,,,,,
31651,永遠在一起,TOGETHER,美國,輔15級,2025-09-26,采昌國際多媒體股份有限公司,,麥可山克斯,戴夫法蘭科; 愛莉森布里,31651_永遠在一起.csv,永遠在一起,1.0,False,2025-09-29,2025-10-26,28.0,4.0,4.0,1406132.0,5351.0,351533.0,1337.75,994676.0,2025-09-29~2025-10-05,61.0,31.25,-0.658,-0.547,-0.691,False,上映中,2025-09-29,2025-10-29 14:04:00,0.0,0.0,0.0,0.0
31654,電影版小林家的龍女僕：害怕寂寞的龍,Miss Kobayashi's Dragon Maid: A lonely dragon wants to be loved,日本,保護級,2025-09-09,采昌國際多媒體股份有限公司,,石原立也,高橋未奈美; 長繩麻理亞; 高田憂希; 高橋未奈美; 桑原由氣; 田村睦心; 高田憂希,31654_電影版小林家的龍女僕：害怕寂寞的龍.csv,電影版小林家的龍女僕：害怕寂寞的龍,1.0,False,2025-09-15,2025-10-26,42.0,6.0,6.0,4392520.0,15888.0,732086.67,2648.0,2179430.0,2025-09-15~2025-09-21,67.0,34.33,-0.477,-0.515,-0.57,False,上映中,2025-09-15,2025-10-29 14:04:00,0.0,0.0,0.0,0.0
31662,淒厲人師,The Tutor,泰國,輔12級,2025-09-26,原創娛樂股份有限公司,,布蘭戴德斯德,芽芽茵; 索蘭拉姆阿內拉普; 尼措空卡瓊伯利叻; 鄭子忠; 因托楚克倥拉瑪蘇皖,31662_淒厲人師.csv,,,,,,,,,,,,,,,,,,,,,,,,,,,
31668,突破:三千米的泳氣,Second Life,中華民國,保護級,2025-10-03,春暉映像有限公司,,,,31668_突破_三千米的泳氣.csv,,,,,,,,,,,,,,,,,,,,,,,,,,,
31670,搖籃凡世,Pavane for an Infant,馬來西亞,輔12級,2025-09-19,海鵬影業有限公司,,張吉安,許恩怡; 廖子妤,31670_搖籃凡世.csv,,,,,,,,,,,,,,,,,,,,,,,,,,,
31679,凌晨兩點的惡魔,PRETTY CRAZY,韓國,普遍級,2025-08-29,車庫娛樂股份有限公司,,李相槿; 李相槿,成東鎰; 潤娥; 安普賢,31679_凌晨兩點的惡魔.csv,凌晨兩點的惡魔,1.0,False,2025-09-01,2025-10-19,49.0,7.0,5.0,1398480.0,5454.0,279696.0,1090.8,1019841.0,2025-09-01~2025-09-07,72.0,26.8,-0.735,-0.502,0.0,False,上映中,2025-09-01,2025-10-29 14:04:00,0.0,0.0,0.0,0.0
31685,劇場版 咒術迴戰 懷玉・玉折,JUJUTSU KAISEN: Hidden Inventory / Premature Death – The Movie,日本,保護級,2025-09-05,薩摩亞商羚邦(亞洲)有限公司台灣分公司,,,,31685_劇場版 咒術迴戰 懷玉・玉折.csv,劇場版 咒術迴戰 懷玉・玉折,1.0,False,2025-09-08,2025-10-26,49.0,7.0,7.0,21841084.0,73537.0,3120154.86,10505.29,9464676.0,2025-09-08~2025-09-14,86.0,60.14,-0.368,-0.384,-0.28,False,上映中,2025-09-08,2025-10-29 14:04:00,0.0,0.0,0.0,0.0
31701,麵包超人電影版：小水滴的英雄！,ANPANMAN: Chapon's Hero！,日本,普遍級,2025-09-06,曼迪傳播股份有限公司,,,,31701_麵包超人電影版：小水滴的英雄！.csv,麵包超人電影版：小水滴的英雄！,1.0,False,2025-09-08,2025-10-26,49.0,7.0,7.0,1278280.0,4887.0,182611.43,698.14,623427.0,2025-09-08~2025-09-14,33.0,17.43,-0.376,2.315,-0.955,False,上映中,2025-09-08,2025-10-29 14:04:00,0.0,0.0,0.0,0.0
31702,光,The light,德國,輔15級,2025-10-03,聯影企業股份有限公司,,,,31702_光.csv,,,,,,,,,,,,,,,,,,,,,,,,,,,
31704,陌路兄弟,Road's End in Taiwan,中華民國,保護級,2025-09-26,綺影映畫有限公司,,瑪莉亞尼科里埃爾,納曜; 鳳小岳; 皮埃爾安托萬杜比; 林慶台,31704_陌路兄弟.csv,陌路兄弟,1.0,False,2025-09-29,2025-10-26,28.0,4.0,4.0,99660.0,453.0,24915.0,113.25,52150.0,2025-09-29~2025-10-05,12.0,6.25,-0.124,-0.443,-0.083,False,上映中,2025-09-29,2025-10-29 14:04:00,0.0,0.0,0.0,0.0
31712,劇場版 歌之☆王子殿下♪ TABOO NIGHT XXXX with Double Encore (QUARTET NIGHT version),Movie:Utano☆Princesama TABOO NIGHT XXXX with Double Encore (QUARTET NIGHT version),日本,普遍級,2025-09-05,曼迪傳播股份有限公司,,,,31712_劇場版 歌之☆王子殿下♪ TABOO NIGHT XXXX with Double Encore (QUARTET NIGHT version).csv,劇場版 歌之☆王子殿下♪ TABOO NIGHT XXXX with Double Encore (QUARTET NIGHT version),1.0,False,2025-09-08,2025-10-26,49.0,7.0,7.0,2056129.0,7692.0,293732.71,1098.86,708575.0,2025-09-15~2025-09-21,16.0,10.43,0.004,137.717,0.37,False,上映中,2025-09-08,2025-10-29 14:04:00,0.0,0.0,0.0,0.0
31713,捏造：史上最惡殺人教師,SHAM,日本,輔12級,2025-09-19,光年映畫有限公司,,三池崇史,龜梨和也; 大倉孝二; 綾野剛; 木村文乃; 柴崎幸,31713_捏造：史上最惡殺人教師.csv,捏造：史上最惡殺人教師,1.0,False,2025-09-22,2025-10-26,35.0,5.0,5.0,364531.0,1485.0,72906.2,297.0,241280.0,2025-09-22~2025-09-28,28.0,10.8,-0.598,-0.445,0.329,False,上映中,2025-09-22,2025-10-29 14:04:00,0.0,0.0,0.0,0.0
31714,鋼琴之子,Wolfgang,西班牙,普遍級,2025-09-19,仲業股份有限公司,,哈維爾魯伊斯卡德拉,喬迪卡塔蘭; 安娜卡斯提洛; 米奇艾斯帕貝; 安琪戈尼亞隆斯; 貝爾托羅梅羅,31714_鋼琴之子.csv,鋼琴之子,1.0,False,2025-09-22,2025-10-26,35.0,5.0,5.0,110465.0,526.0,22093.0,105.2,80635.0,2025-09-22~2025-09-28,15.0,4.8,-0.782,-0.316,0.045,False,上映中,2025-09-22,2025-10-29 14:04:00,0.0,0.0,0.0,0.0
31715,致我所愛之人,Belonging,日本,普遍級,2025-09-05,中影股份有限公司,,東香織,小泉今日子,31715_致我所愛之人.csv,致我所愛之人,1.0,False,2025-09-08,2025-10-26,49.0,7.0,7.0,135900.0,591.0,19414.29,84.43,45890.0,2025-09-08~2025-09-14,9.0,2.43,-0.458,-0.247,-0.028,False,上映中,2025-09-08,2025-10-29 14:04:00,0.0,0.0,0.0,0.0
31745,血怨,PEREWANGAN,印尼,輔15級,2025-09-26,車庫娛樂股份有限公司,,艾文蘇亞迪,烏利特里亞尼; 珊蒂; 貝比伊芙琳; 達維娜卡拉莫伊,31745_血怨.csv,血怨,1.0,False,2025-09-29,2025-10-26,28.0,4.0,4.0,648728.0,2434.0,162182.0,608.5,537443.0,2025-09-29~2025-10-05,51.0,19.0,-0.814,-0.631,-0.765,False,上映中,2025-09-29,2025-10-29 14:04:00,0.0,0.0,0.0,0.0
31746,希瑪之歌,Sima's Song,阿富汗,保護級,2025-10-13,飛望影像有限公司,,,,31746_希瑪之歌.csv,,,,,,,,,,,,,,,,,,,,,,,,,,,
31748,卡夫卡最後的愛,The Glory of Life,德國,保護級,2025-09-27,海鵬影業有限公司,,喬治馬斯; 茱蒂斯凱夫曼,薩賓塔布瑞亞; 曼努埃爾魯比; 亨麗埃特康芙莉絲,31748_卡夫卡最後的愛.csv,,,,,,,,,,,,,,,,,,,,,,,,,,,
31760,鬼巫,WITCHBOARD,美國,輔15級,2025-09-12,車庫娛樂股份有限公司,,恰克羅素,麥蒂遜艾斯曼; 梅蘭妮簡森; 亞倫多明格斯; 傑米坎貝爾鮑爾; 查理特翰; 安東妮亞戴斯培,31760_鬼巫.csv,鬼巫,1.0,False,2025-09-15,2025-10-12,28.0,4.0,4.0,515150.0,2102.0,128787.5,525.5,475081.0,2025-09-15~2025-09-21,67.0,25.0,-0.927,-0.732,-0.877,False,下檔,2025-09-15,2025-10-29 14:04:00,0.0,0.0,0.0,0.0
31762,約見波布,Meeting with Pol Pot,法國,輔12級,2025-09-26,海鵬影業有限公司,,潘禮德,葛雷哥瓦柯林; 伊蓮雅各; 希里爾桂伊,31762_約見波布.csv,,,,,,,,,,,,,,,,,,,,,,,,,,,
31767,醜得要命,THE UGLY,韓國,輔12級,2025-09-20,壹壹喜喜電影股份有限公司,,延尚昊,朴正民; 權海孝,31767_醜得要命.csv,醜得要命,1.0,False,2025-09-22,2025-10-26,35.0,5.0,5.0,440671.0,1844.0,88134.2,368.8,213938.0,2025-09-22~2025-09-28,23.0,12.0,-0.137,-0.228,-0.563,False,上映中,2025-09-22,2025-10-29 14:04:00,0.0,0.0,0.0,0.0
31769,大競走,THE LONG WALK,美國,輔15級,2025-09-12,車庫娛樂股份有限公司,,法蘭西斯勞倫斯,約書亞奧吉克; 庫柏霍夫曼; 馬克漢米爾; 查理普拉瑪; 王班; 大衛榮松,31769_大競走.csv,大競走,1.0,False,2025-09-15,2025-10-19,35.0,5.0,5.0,3016842.0,12531.0,603368.4,2506.2,1901362.0,2025-09-15~2025-09-21,81.0,35.0,-0.686,-0.552,-0.963,False,上映中,2025-09-15,2025-10-29 14:04:00,0.0,0.0,0.0,0.0
31776,搗破法蘭克,Smashing Frank,香港,輔15級,2025-10-03,華映國際文創股份有限公司,,蔡康凝,袁富華; 談善言; 楊偉倫; 岑珈其; 林家熙; 楊偲泳,31776_搗破法蘭克.csv,,,,,,,,,,,,,,,,,,,,,,,,,,,
31777,奇幻導航,A BIG BOLD BEAUTIFUL JOURNEY,美國,保護級,2025-10-02,美商台灣索尼影業發行股份有限公司台灣分公司,,名田高梧,瑪格羅比; 柯林法洛,31777_奇幻導航.csv,,,,,,,,,,,,,,,,,,,,,,,,,,,
31794,劇場版『鏈鋸人 蕾潔篇』,Chainsaw Man – The Movie: Reze Arc,日本,輔15級,2025-09-19,美商台灣索尼影業發行股份有限公司台灣分公司,,吉原達矢,戶谷菊之介; 菲魯茲藍; 坂田將吾; 楠木燈; 上田麗奈,31794_劇場版『鏈鋸人 蕾潔篇』.csv,劇場版『鏈鋸人 蕾潔篇』,1.0,False,2025-09-22,2025-10-26,35.0,5.0,5.0,186464943.0,603328.0,37292988.6,120665.6,49455153.0,2025-09-22~2025-09-28,94.0,93.8,-0.036,71.987,0.182,False,上映中,2025-09-22,2025-10-29 14:04:00,0.0,0.0,0.0,0.0
31796,傲嬌公主的奇幻冒險,The Proud Princess,捷克,普遍級,2025-09-20,希望影視行銷股份有限公司,,拉德克貝蘭; 大衛利西,安娜菲亞洛娃; 珍娜斯沃博多瓦; 阿列什普羅哈茲卡,31796_傲嬌公主的奇幻冒險.csv,傲嬌公主的奇幻冒險,1.0,False,2025-09-22,2025-10-26,35.0,5.0,5.0,768719.0,3150.0,153743.8,630.0,375702.0,2025-09-22~2025-09-28,35.0,20.0,-0.163,3.12,-0.666,False,上映中,2025-09-22,2025-10-29 14:04:00,0.0,0.0,0.0,0.0
31797,一戰再戰,One Battle After Another,美國,輔15級,2025-09-25,美商華納兄弟（遠東）股份有限公司台灣分公司,,保羅湯瑪斯安德森,瑞吉娜霍爾; 西恩潘; 班尼西歐岱托羅; 堤亞娜泰勒; 李奧納多狄卡皮歐; 雀絲英菲尼迪,31797_一戰再戰.csv,一戰再戰,1.0,False,2025-09-29,2025-10-26,28.0,4.0,4.0,18162099.0,59767.0,4540524.75,14941.75,9236937.0,2025-09-29~2025-10-05,83.0,77.75,-0.383,-0.351,-0.354,False,上映中,2025-09-29,2025-10-29 14:04:00,0.0,0.0,0.0,0.0
31799,電影版 神奇柑仔店 錢天堂,The Supernatural Sweet Shop The Movie,日本,普遍級,2025-09-26,車庫娛樂股份有限公司,,中田秀夫,上白石萌音; 天海祐希; 大橋和也; 伊原六花,31799_電影版 神奇柑仔店 錢天堂.csv,電影版 神奇柑仔店 錢天堂,1.0,False,2025-09-29,2025-10-26,28.0,4.0,4.0,1985705.0,7666.0,496426.25,1916.5,1347080.0,2025-09-29~2025-10-05,67.0,38.25,-0.632,-0.433,-0.239,False,上映中,2025-09-29,2025-10-29 14:04:00,0.0,0.0,0.0,0.0
31801,鬼祭,Pabrik Gula,印尼,輔15級,2025-09-19,采昌國際多媒體股份有限公司,,艾文蘇亞迪,貝尼迪克特斯西雷加爾; 阿里夫阿爾菲安西亞; 埃爾西亞奧雷利亞; 阿爾巴尼亞西茲,31801_鬼祭.csv,鬼祭,1.0,False,2025-09-22,2025-10-19,28.0,4.0,4.0,410661.0,1572.0,102665.25,393.0,338678.0,2025-09-22~2025-09-28,35.0,14.0,-0.809,-0.703,-0.744,False,上映中,2025-09-22,2025-10-29 14:04:00,0.0,0.0,0.0,0.0
31805,阿蒙怎麼了？,Armand,挪威,輔12級,2025-09-19,好威映象有限公司,,哈爾夫登烏曼通德爾,艾倫多莉彼得森; 蕾娜特萊茵斯薇; 恩卓海勒斯魏特; 西婭蘭布雷希茨沃倫; 奧伊斯坦羅格,31805_阿蒙怎麼了？.csv,,,,,,,,,,,,,,,,,,,,,,,,,,,
31807,泥娃娃,Mudborn,中華民國,輔15級,2025-10-09,威視股份有限公司,,解孟儒,郭雪芙; 蔡思韵; 張軒睿; 楊祐寧,31807_泥娃娃.csv,,,,,,,,,,,,,,,,,,,,,,,,,,,
31808,夢想巨無霸,Jumbo,印尼,普遍級,2025-10-03,采昌國際多媒體股份有限公司,,瑞安阿德里安迪,葛拉西艾拉艾比蓋兒; 尤素夫奧茲坎; 普林斯波艾提雷; 奎因薩爾曼,31808_夢想巨無霸.csv,,,,,,,,,,,,,,,,,,,,,,,,,,,
31809,疾速營救,Stolen Girl,美國,輔12級,2025-09-26,英屬維京群島商高捷全球開發有限公司 台灣分公司,,詹姆斯肯特,史考特伊斯威特; 凱特貝琴薩,31809_疾速營救.csv,疾速營救,1.0,False,2025-09-29,2025-10-26,28.0,4.0,4.0,611506.0,2524.0,152876.5,631.0,535405.0,2025-09-29~2025-10-05,48.0,21.75,-0.869,-0.539,-0.243,False,上映中,2025-09-29,2025-10-29 14:04:00,0.0,0.0,0.0,0.0
31810,十年,TEN YEARS,香港,輔12級,2025-10-10,佳映娛樂國際股份有限公司,,,,31810_十年.csv,,,,,,,,,,,,,,,,,,,,,,,,,,,
31835,沒好婚姻,The Roses,美國,輔15級,2025-09-26,台灣華特迪士尼股份有限公司,,傑洛奇,安迪山伯格; 愛莉森珍妮; 班尼迪克康柏拜區; 凱特麥金儂; 蘇尼塔馬尼; 奧莉薇雅柯爾曼,31835_沒好婚姻.csv,沒好婚姻,1.0,False,2025-09-29,2025-10-26,28.0,4.0,4.0,2019810.0,7529.0,504952.5,1882.25,1215205.0,2025-09-29~2025-10-05,40.0,25.75,-0.529,-0.366,-0.525,False,上映中,2025-09-29,2025-10-29 14:04:00,0.0,0.0,0.0,0.0
31836,8號出口,Exit 8,日本,保護級,2025-09-19,壹壹喜喜電影股份有限公司,,川村元氣,二宮和也; 小松菜奈,31836_8號出口.csv,8號出口,1.0,False,2025-09-22,2025-10-26,35.0,5.0,5.0,7420179.0,26036.0,1484035.8,5207.2,3585178.0,2025-09-22~2025-09-28,57.0,39.0,-0.373,-0.428,-0.494,False,上映中,2025-09-22,2025-10-29 14:04:00,0.0,0.0,0.0,0.0
31842,蓋比的娃娃屋大電影,GABBY'S DOLLHOUSE: THE MOVIE,美國,普遍級,2025-10-03,美商美國環球影片股份有限公司台灣分公司,,萊恩克雷戈,瑪吉洛; 茱莉葉多南費爾德; 多諾萬巴頓; 克莉絲汀薇格; 艾德華度法蘭科; 萊拉洛克哈特克雷納,31842_蓋比的娃娃屋大電影.csv,,,,,,,,,,,,,,,,,,,,,,,,,,,
31863,他年她日,MEASURE IN LOVE,香港,保護級,2025-09-29,香港商甲上娛樂有限公司台灣分公司,,龔兆平,陳澤耀; 許光漢; 袁澧林,31863_他年她日.csv,他年她日,1.0,False,2025-09-29,2025-10-26,28.0,4.0,4.0,10431380.0,38543.0,2607845.0,9635.75,5279145.0,2025-09-29~2025-10-05,98.0,93.75,-0.297,-0.401,-0.581,False,上映中,2025-09-29,2025-10-29 14:04:00,0.0,0.0,0.0,0.0
31900,一百公尺。,100 METERS,日本,普遍級,2025-10-03,車庫娛樂股份有限公司,,岩井澤健治,松坂桃李; 染谷將太,31900_一百公尺。.csv,,,,,,,,,,,,,,,,,,,,,,,,,,,
31904,陰陽眼見子,THE GIRL WHO SEES,日本,保護級,2025-09-30,天馬行空數位有限公司,,中村義洋,久間田琳加; 奈葉; 原菜乃華,31904_陰陽眼見子.csv,,,,,,,,,,,,,,,,,,,,,,,,,,,
31988,銀簪子,Grandma's Hairpin,中華民國,普遍級,2025-10-02,牽猴子股份有限公司,,蕭菊貞,,31988_銀簪子.csv,,,,,,,,,,,,,,,,,,,,,,,,,,,
32086,有用的鬼,A Useful Ghost,泰國,限制級,2025-10-12,傳影互動股份有限公司,,,,32086_有用的鬼.csv,,,,,,,,,,,,,,,,,,,,,,,,,,,
32087,碰碰狐和貝貝彬歡唱電影：奇幻世界大冒險(國語版),Bebefinn Sing-Along Movie: Into the Pinkfong World,韓國,普遍級,2025-10-04,香港商甲上娛樂有限公司台灣分公司,,,,32087_碰碰狐和貝貝彬歡唱電影：奇幻世界大冒險(國語版).csv,,,,,,,,,,,,,,,,,,,,,,,,,,,
32098,藤本樹17-26：PART 1,Tatsuki Fujimoto 17‐21,日本,輔12級,2025-10-13,采昌國際多媒體股份有限公司,,,,32098_藤本樹17-26：PART 1.csv,,,,,,,,,,,,,,,,,,,,,,,,,,,
32099,創：戰神,Tron: Ares,美國,保護級,2025-10-08,台灣華特迪士尼股份有限公司,,喬奇姆羅寧,吉蓮安德森; 傑瑞德雷托; 伊凡彼得斯; 茱蒂透納史密斯; 葛麗塔李; 傑夫布里吉,32099_創：戰神.csv,,,,,,,,,,,,,,,,,,,,,,,,,,,
32103,狼來了,COYOTES,美國,輔15級,2025-10-09,車庫娛樂股份有限公司,,科林米尼漢,賈斯汀隆; 凱特柏絲沃,32103_狼來了.csv,,,,,,,,,,,,,,,,,,,,,,,,,,,
32111,徵人啟弒,NO Other Choice,韓國,輔15級,2025-10-09,英屬維京群島商高捷全球開發有限公司 台灣分公司,,朴贊郁,車勝元; 李星民; 朴喜洵; 孫藝真; 廉惠蘭; 李炳憲,32111_徵人啟弒.csv,,,,,,,,,,,,,,,,,,,,,,,,,,,
32112,風林火山,Sons of the Neon Night,香港,限制級,2025-10-09,壹壹喜喜電影股份有限公司,,麥浚龍,梁家輝; 劉青雲; 高圓圓; 古天樂; 金城武,32112_風林火山.csv,,,,,,,,,,,,,,,,,,,,,,,,,,,
32114,藤本樹17-26：PART 2,Tatsuki Fujimoto 22-26,日本,輔12級,2025-10-13,采昌國際多媒體股份有限公司,,,,32114_藤本樹17-26：PART 2.csv,,,,,,,,,,,,,,,,,,,,,,,,,,,
32116,銀魂劇場版 2D 真選組動亂篇,GINTAMA ON THEATER 2D Shinsen-Gumi Doukan Arc,日本,保護級,2025-10-09,薩摩亞商羚邦(亞洲)有限公司台灣分公司,,,,32116_銀魂劇場版 2D 真選組動亂篇.csv,,,,,,,,,,,,,,,,,,,,,,,,,,,
8873,橫山家之味,STILL WALKING,日本,普遍級,2018-06-08,傳影互動股份有限公司,,是枝裕和,阿部寬; 夏川結衣; 樹木希林; 寺島進,8873_橫山家之味.csv,,,,,,,,,,,,,,,,,,,,,,,,,,,
8878,無人知曉的夏日清晨,NOBODY KNOWS,日本,輔12級,2018-06-08,傳影互動股份有限公司,,是枝裕和,柳樂優彌; 木村飛影; 北浦愛; 清水萌萌子; 韓英惠; YOU,8878_無人知曉的夏日清晨.csv,,,,,,,,,,,,,,,,,,,,,,,,,,,
9161,宿怨,HEREDITARY,美國,輔15級,2018-06-13,傳影互動股份有限公司,,亞瑞阿斯特,東妮克莉蒂; 蓋布瑞拜恩; 艾力克斯沃爾夫; 米莉夏皮羅; 安道得; Mallory Bechtel; Zachary Arthur; Mark Blockovich; Jake Brown; Gabriel Monroe Eckert; John Forker; Gerry Garcia; Austin R. Grant; Rachelle Hardy; Brock McKinney,9161_宿怨.csv,宿怨,2.0,True,2025-09-15,2025-10-12,28.0,4.0,4.0,846855.0,2935.0,211713.75,733.75,443232.0,2025-09-22~2025-09-28,22.0,15.25,0.284,-0.382,-0.937,False,下檔,2018-06-18,2025-10-29 14:04:00,1.0,16203762.0,2535.0,1157411.57
